instrument,number,category 1,look only on one side of street?,measure,codes,skip patterns,help text,,,,,,,,
,,,,,,,,Meta,,,,,,,
Meta,1,distances,,steps,,,<p>How many times do you need to click or use the forward arrow key to move from one end of the segment to the other?</p>,How many steps long is the segment?,Write in %,,,,,,
Meta,2,distances,Yes,obstructed steps,,,<p>An obstructed view is one in which you cannot fully see the sidewalk or adjacent buildings.<p>,For how many of those steps is the view obstructed?,Write in %,,,,,,
Meta,3,image quality,,zoom levels,5/4/3/2/1,,<p>There is a zoom control in the upper left corner of the streetview window -- the + button zooms in and the - button zooms out.  After how many clicks does the image stop changing? </P>,How many zoom levels are available?,0,1,2,3,4,,
Meta,4,image quality,,pixelation,5/4/3/2/1,,"<p>There is a zoom control in the upper left corner of the streetview window -- the + button zooms in and the - button zooms out.  After how many clicks does the view become pixelated? (example below).  Note: test this by moving to the center of the segment, turning to the streetside being rated, and checking the imagery near the middle of the view.</p><hr/><p>At default zoom (zoom level 0), we see the image below, which shows no pixelation</p><div><img src=""[no_pixilation.png]""/></div><p>At zoom level 1, we see the image below, which still shows no pixeliation</p><div><img src=""[no_pixilation_2.png]""/></div><p>At zoom level 2, we see the image below, which has some bleeding but still is not badly pixelated</p><div><img src=""[no_pixilation_3.png]""/></div><p>But at zoom level 3, the edges of lines are no longer crisp.  We'd consider this image pixelated at zoom level 3.</p><div><img src=""[pixilation.png]""/></div></p>",At what zoom level does pixelation begin at the start of the segment?,0,1,2,3,4,,
Meta,5,image quality,,street signs,Sign is clearly legible/Sign is blurry but readable/Sign is unreadable/No street signs visible,,"<p>Is it possible to read the name of the street from street corner signs?  To find out, walk up and down the street and identify the most readable street sign visible from in the street view window.  Evaluate that sign against the visibility options.  If you don't find a sign, pick ""No street signs visible"", of course.</p><hr/><p>As a reference, the below image shows a clear sign</p><div><img src=""[clear_street_sign.png]""></div><p>The below image shows a blurry sign</p><div><img src=""[blurry_street_sign.png]""></div><p>The below image shows an unreadable sign</p><div><img src=""[unreadable_street_sign.png]""></div> </p>",Can you read any street corner signs at the default zoom level?,Sign is clearly legible,Sign is blurry but readable,Sign is unreadable,No street signs visible,,,
Meta,6,image quality,,camera technology,dark/bright/other,,"<p>Which iteration of streetview imaging is this from?  To date, we've identified the ""dark"" style and the ""bright"" style.  Choose other for an image that doesn't fit either category.</p><table><tr><th>Dark</th><th>Bright</th></tr><tr><td><img src=""[dark_camera.png]""></td><td><img src=""[bright_camera.png]""></td></tr></table>",Which camera technology does this segment use?,Dark,Bright,Other,,,,
Meta,7,work location,,location,office/home/other,,"<p>Pick office if you did the rating at CUSSW, 7th floor, home if at home, other for any other location.</p>",Where are you doing the street rating?,Office,Home,Other,,,,
,,,,,,,,First intersection: These questions apply to the green intersection as approached from the red intersection.,,,,,,,
PEDS,3,street,,Segment intersections,3 way/4 way/other int type/deadend but path continues/segment dead ends/no intersections,,"<p>Images on the left are 3-way intersection types;those on the right are 4-way.  Note that streets need not line up directly.</p><p><img src=""[segment_intersection.png]""/></p>",What type of intersection is this?,3-way,4-way,5+ way,Traffic circle,Other type,Deadend but path continues,Segment ends
Minn-Irvine,9,traffic control,,Traffic control,traffic signal,,<p>This question refers to the signal as encountered by a driver coming from the intersection at the end point (the red intersection) through the intersection at the start point (the green intersection).</p>,What kind of traffic signal is provided?,Traffic signal,Stop sign,Yield sign,Multiple,None,,
Minn-Irvine,10,traffic control,,Traffic control,stop sign,,,,,,,,,,
Minn-Irvine,11,traffic control,,Traffic control,yield sign,,,,,,,,,,
Minn-Irvine,2,crosswalk,,Marked for ped crossing,all/some/none/NA,,"<p>Places where crossing is expected to occur include both desginated crossings and ""implicit"" crossings at intersections of two streets or a pedestrian path and a street execept where crossing is explicitly prohibited (e.g. by a no crossing sign).</p>",Consider the places that are intended for pedestrians to cross the street. Are these places marked for pedestrian crossing?,All,Some,None,Not applicable,,,
Minn-Irvine,4,crosswalk,,Crosswalks,colored painted lines yes/no,Minn-Irvine-2==2,"<p>See below for details of crosswalk types.  Any crosswalk types not shown here or different markings for different crosswalks should be rated as ""other"".</p><img src=""[crosswalk_types.png]"">",How is the road marked at crosswalks?,White painted lines,Colored painted lines,White zebra stripes,Colored zebra stripes,Different road surface,Other,Not marked at all
PEDS,22,crosswalk,,Crosswalks,crosswalks none/1-2/3-4/>4,,"<p>Make sure to note all marked crosswalks in segment. ""Marked"" refers to lines on the pavement (but not automobile stop lines) or signs, lights or signals. <img src=""[crosswalk.png]""/></p>",,,,,,,
Minn-Irvine,6,crosswalk,,Crosswalks,different road surface or paving yes/no,,,,,,,,,
Minn-Irvine,7,crosswalk,,Crosswalks,other marking yes/no,,,,,,,,,2
Minn-Irvine,3,crosswalk,,Crosswalks,white painted lines yes/no,,,,,,,,,
Minn-Irvine,5,crosswalk,,Crosswalks,zebra striping yes/no,,,,,,,,,
Minn-Irvine,148,traffic control,,Traffic calming,curb bulb-out/curb extension,,"<p><img src=""[bulb_out.png]""/></p> ",,,,,,,
Minn-Irvine,149,traffic control,,Traffic calming,traffic circle/roundabout,,"<p><img src=""[roundabout.png]/></p> ",,,,,,,
Minn-Irvine,150,traffic control,,Traffic calming,median,,"<p><img src=""[median.png]""/></p> ",,,,,,,
PEDS,23.4,crosswalk,,Crossing aids,curb extension,,"<p><img src=""[median_island_and_curb_extension.png]""/></p>",Is there a curb extension? (Note: a curb extension should extend significantly into the parking lane or fill it completely.),Yes,No,,,,
PEDS,21.5,street,,Traffic control devices,chicanes or chokers,,"<p>Chicanes are a series of narrowings or curb extensions that alternate from one side of the street to the other forming S-shaped curves. Chokers are curb extensions at midblock or intersection corners that narrow a street by extending the sidewalk or widening the planting strip.</p><p><img src=""[chicane_choker.png]""></p>",Is there a chicane or choker?,Yes,No,,,,
PEDS,23.7,crosswalk,,Crossing aids,flashing warning sign,,"<p><img src=""[flashing_warning.png]""/></p>",Is there a flashing warning sign?,Yes,No,,,,
PEDS,23.3,crosswalk,,Crossing aids,median/traffic island,,"<p>Note that a traffic island on the cross-street at either end of the segment counts, since it's in the middle of the intersection by definition.</p><p><img src=""[median_traffic.png]""/></p>",Is there a median/traffic island large enough for a pedestrian to stand on?,Yes,No,,,,
PEDS,23.5,crosswalk,,Crossing aids,overpass or underpass,,"<p>Warnings to cars <img src=""[overpass.png]""/></p>",Is there an overpass or underpass?,Yes,No,,,,
PEDS,23.6,crosswalk,,Crossing aids,ped crossing warning sign,,"<p>Street sign without flashing light. Children at play signs can also be included here. Yield signs for cars do not count<img src=""[crossing_street_sign.png]""/></p>",Is there a pedestrian crossing warning sign?,Yes,No,,,,
PEDS,23.2,crosswalk,,Crossing aids,ped signal,,"<p><img src=""[ped_sign.png]""/></p>",Is there a pedestrian signal?,Yes,No,,,,
PEDS,23.8,crosswalk,,Crossing aids,share the road warning sign,,,Is there a share the road warning sign?,Yes,No,,,,
PEDS,23.1,crosswalk,,Crossing aids,yield to ped paddles,,"<p><img src=""[yield_to_ped_paddles.png]""/></p>",Are there yield to pedestrian paddles?,Yes,No,,,,,,,,
Minn-Irvine,12,crosswalk,,Traffic control,ped activated signal,,,Is there a pedestrian-activated signal?,Yes,No,,,,,,,,
Minn-Irvine,13,crosswalk,,Traffic control,ped crossing sign,,,,,,,,,,,,,
Minn-Irvine,8,sidewalk,,Curb cuts,all/some/none/NA,,"<p>Curb cuts are breaks in the sidewalk edge that allow wheels to roll from street level to sidewalk level.  If you cannot see all curb cuts because of obstructions but it is reasonable to believe all curbs are cut, mark as all.<p><p><img src=""[curb_cuts.png]""></p><p>Places where crossing is expected to occur include both desginated crossings and ""implicit"" crossings at intersections of two streets or a pedestrian path and a street execept where crossing is explicitly prohibited (e.g. by a no crossing sign).</p><p>It's okay if a curb cut doesn't line up exactly with the crosswalk as long as a pedestrian could get from the curb cut to the crosswalk without going into traffic.</p>","Are there curb cuts at all places where crossing is expected to occur?  (If there are no curbs, please choose ""Not applicable"")",All,Some,None,Not applicable,,,,,,
Minn-Irvine,146,traffic control,,Traffic calming,speed bump/speed hump/raised crosswalk/dips,,"<p><img src=""[speed_hump.png]""/></p> ",Is there a speed bump/speed hump/raised crosswalk/dips that is intended to slow down traffic?,Yes,No,,,,,,,,
Minn-Irvine,147,traffic control,,Traffic calming,rumble strips or bumps,,,Are there rumble strips or bumps that are intended to slow down traffic?,Yes,No,,,,,,,,
,,,,,,,,Road and parking,,,,,,,,,,
Minn-Irvine,19,street,,Direction of street,one way/two way,,"<p><img src=""[one_way_two_way.png]""></p>",Is the street a one-way or two-way street?,One-way,Two-way,,,,,,,,
Minn-Irvine,21,street,,Number of vehicle lanes,six or more/5/4/3/2/1/NA,,"<p>Count the maximum number of lanes on the segment.  (i.e. if it's two lanes but widens to include a turning lane at an intersection, count it as 3 lanes.)</p><table><tr><th>8 lanes (on the wide street)</th><th>3 lanes</th></tr><tr><td><img src=""[8_lanes.png]""></td><td><img src=""[3_lanes.png]""></td></tr></table>",How many lanes are there for cars (include turning lanes but not including parking lanes)?,6+,5,4,3,2,1,Not applicable,,,
Minn-Irvine,152,street,,Cul de sac/permanent street closing,yes/no,,"<p><img src=""[culdesac.png]""/></p> ",Is there a cul-de-sac or permanent street closing on this segment?,Yes,No,,,,,,,,
Minn-Irvine,144,street,,Freeway over/underpass,under a freeway overpass/next to freeway/is a freeway overpass/none of above,,"<table><tr><th>Under an overpass</th><th>Next to a freeway</th><th>IS a freeway overpass</th></tr><tr><td><img src=""[under_freeway.png]""/></td><td><img src=""[next_to_freeway.png]""/></td><td><img src=""[is_freeway_overpass.png]""/></td></tr></table> ","Is there a freeway overpass/underpass connected to this segment?  (That is, is any part of the segment under an overpass, adjacent to a freeway or an overpass itself?)",Under an overpass,Next to freeway,IS a freeway overpass,None of the above,,,,,,
Minn-Irvine,20,street,,Segment an alley,yes/no,,,,,,,,,,,,,
PEDS,4.4,street,,Type of ped facility,pedestrian street (no cars),,"<p><img src=""[pedestrian_street.png]""/></p>",,,,,,,,,,,
PEDS,14,street,,Road condition,condition of road poor/fair/good/under repair,,"<p>Poor: the potholes, cracks, etc. present would cause a vehicle driving the segment to rock, dip or otherwise disrupt driving. Fair: there are potholes, cracks etc., but not enough to cause problems for a vehicle driving the segment. Good: there are no large potholes or other problems that would cause problems for a vehicle driving the segment. Patched segments are fine as long as the patches are smooth.  Under repair: A roadway will only be considered ""under repair"" if there is evidence of work being done to improve it. Orange cones are not enough.</p>",What is the condition of the road?,Poor,Fair,Good,Under repair,,,,,,
PEDS,16,street,,Posted speed limit,none/___mph,,"<p>Check the ""non posted"" box unless there is a sign WITHIN the segment that displays the speed limit. Even if there is a sign outside the segment, within plain view, it does not count. <img src=""[speed_limit.png]""/></p>",What is the posted speed limit?,15,20,25,30,35,40,45,50,55+,Not posted
Minn-Irvine,137,parking/driveways,Yes,Driveways visible,some or a lot/few/none,,"<p>Choose ""some or a lot"" rather than ""few"" if there are at least 3 visible driveways OR at least 50% of residences on the segment have visible driveways.</p><p>Note: Do not include commercial driveways or alleys between buildings that may lead to parking behind the building.</p><p>No visible driveways</p><p><img src=""[no_visible_driveways.png]""/></p><p>Some visible driveways</p><p><img src=""[some_visible_driveways.png]""/></p>",Are driveways visible?  (Residential driveways only),Some or a lot,Few,None,,,,,,,
Minn-Irvine,151,traffic control,,Traffic calming,angled/on-street parking along most or all of segment,,<p>Count perpendicular parking and back-in diagonal parking as diagonal.</p>,What kind of on-street parking is there?,Parallel,Diagonal,None,,,,,
PEDS,17,parking/driveways,Yes,On-street parking,parallel or diagonal/none,,"<p>If pavement is unmarked, check ""parallel"" only if there are cars parked within the segment or if parking signs are present. <img src=""[on_street_parking.png]""/></p>",,,,,,,,,
Minn-Irvine,135,parking/driveways,,Parking structure visible,yes/no,,"<p>Note that the parking structure need not be on the segment being rated; it need merely be visible.</p><p>Please do not include parking structures that are completely underground.</p> <p><img src=""[parking_structure.png]""/></p> ",Is a parking structure visible?,Yes,No,,,,,,
Minn-Irvine,136,parking/driveways,,Parking structure use,most prominent visible use on street level=parking/varied/not parking other uses,Minn-Irvine-135==1,"<p>Varied indicates that the street level use is parking for some of the garage, where Not Parking indicates retail or other non-parking use along the entire bulding.</p><table><tr><th>Parking</th><th>Varied</th><th>Not Parking</th></tr><tr><td><img src=""[parking.png]""/></td><td><img src=""[varied.png]""/></td><td><img src=""[no_parking.png]""/></td></tr></table>",What is the street level use of the parking structure if any?,Parking,Varied,Not parking-other uses,Not applicable-no parking structure,,,,
PEDS,18,parking/driveways,Yes,Off-street parking,lot spaces 0-5/6-25/26+,,"<p>Count all off-street parking spaces in segment. Cars in single family home driveways do not count. Only spaces in actual parking lots count (apartment complexes, commercial parking, office parking, etc.).  Do not include spaces in parking garages. There must be access to the lot from the segment.  </p><p><img src=""[walkthrough_parking_lot.png]""/></p>",How many off-street parking lot spaces are there?,1-5 spaces,6-25 spaces,26+ spaces,None,,,,
PEDS,19,design,Yes,Walk thru parking lot,walk thru parking lot to get to most buildngs yes/no,,"<p>For this question, the origin point of walking to the buildings will be from the sidewalk. If there is no sidewalk, origin point will be the curb of the roadway. <img src=""[walkthrough_parking_lot.png]""/></p>",Do you have to walk through a parking lot to get to most buildings?,Yes,No,Not applicable - no buildings,,,,,
Minn-Irvine,110,crosswalk,,Mid-block crosswalk,yes/no,,"<p>A mid-block crossing using different road materials to mark the crossing:</p><p><img src=""[mid_block_crossing.png]""></p><p>Crosswalk types:</p><p><img src=""[crosswalk_types.png]""></p>","How is the road marked at mid-block crosswalks, if any?",White painted lines,Colored painted lines,White zebra stripes,Colored zebra stripes,Different road surface,Other,Not marked at all,Not applicable-no midblock crosswalks
Minn-Irvine,112,crosswalk,,Mid-block crosswalk-marking,colored painted lines yes/no,,,,,,,,,,,
Minn-Irvine,114,crosswalk,,Mid-block crosswalk-marking,different road surface or paving yes/no,,,,,,,,,,,
Minn-Irvine,115,crosswalk,,Mid-block crosswalk-marking,other marking yes/no,,,,,,,,,,,
Minn-Irvine,111,crosswalk,,Mid-block crosswalk-marking,white painted lines yes/no,,,,,,,,,,,
Minn-Irvine,113,crosswalk,,Mid-block crosswalk-marking,zebra striping yes/no,,,,,,,,,,,
,,,,,,,,Bike,,,,,,,,
Minn-Irvine,108,bicycle,,Bike lanes ,yes/no,,"<p>Some examples of different types of bike lanes:</p><table><tr><th>On road-painted</th><th>On road-physically separated</th><th>Off road</th></tr><tr><td><img src=""[bike_lanes_on_road.png]""></td><td><img src=""[bike_lanes_on_road_physically_separated.png]""></td><td><img src=""[bike_lanes_off_road.png]""></td></tr></table>",Are there bicycle lanes and if so how are they demarcated?,No bike lanes,On road-painted line or reflectors,On road-physical separation,Off road,,,,
Minn-Irvine,109,bicycle,,Bike lanes - type,painted line on road or reflectors/physical separation on road/off road,,,,,,,,,,,
Minn-Irvine,123,bicycle,Yes,Amenities-bike rack,some or a lot/few/none,,"<p>Choose ""some or a lot"" rather than ""few"" if there are at least 3 places for a bike to be parked.</p><p>This question is asking about facilities designed for bikes to be parked there, not whether you see bikes parked on the segment.  In other words, count an empty bike rack, but don't count a bike locked to a lamppost.</p>",How many bike racks (bike parking facilities) are on the block?,Some or a lot,Few,None,,,,,
PEDS,24.3,bicycle,,Bicycle facilities,visible bike parking,,"<p>These facilities must be usable by the public, not for private use only.</p>",,,,,,,,,,,,
PEDS,24.1,bicycle,,Bicycle facilities,bike route signs,,"<p><img src=""[bike_route_signs.png]""/></p>",Are there bike route signs or bike crossing warnings on the segment?  (Note: do not count pavement markings),Bike route signs,Bike crossing warnings,Both,Neither,,,,,,,
PEDS,24.4,bicycle,,Bicycle facilities,bike crossing warning,,,,,,,,,,,,,,
,,,,,,,,Sidewalk,,,,,,,,,,,
PEDS,4.1,sidewalk,Yes,Type of ped facility,footpath,,"<p><img src=""[trail_footpath.png]""/></p>",What type of sidewalk or path (paved or unpaved) is there?,Footpath (unpaved),Paved trail,Sidewalk,Pedestrian street (closed to cars),None,,,,,,
PEDS,5.1,sidewalk,Yes,Path material,asphalt,PEDS-4.1==4,"<p><img src=""[asphalt.png]""/></p>",What is the sidewalk or path surface made of?,Asphalt,Concrete,Paving bricks or flat stone,Gravel,Dirt or sand,No path at all,,,,,
PEDS,12,sidewalk,Yes,Sidewalk continuity,ped path continuity (sidewalk only) complete/incomplete,PEDS-4.1==4,"<p>A complete sidewalk is one that does not end WITHIN the segment that is being observed.</p><p><img src=""[incomplete_sidewalk.png]""></p>",Is the sidewalk complete/continuous?,Complete,Incomplete,Not applicable-no sidewalk,,,,,,,,
PEDS,13,sidewalk,Yes,Sidewalk connectivity,ped path connectivity to other paths or crosswalks (sidewalk only) number of connections ___,PEDS-4.1==4,"<p>The number of connections the segment has to crosswalks and other sidewalks.  For example, a typical city block segment has 6 connections: 1 to the sidewalk at the start corner, 1 to the sidewalk at the end corner, 2 to the crosswalks at the start corner and 2 to the crosswalks at the end corner.</p><p>This will be scored as follows:</p> <ul><li>At the beginning of the segment, looking backward 180 degrees, +90 degrees and -90 degrees:how many sidewalks or crosswalks are there?</li><li>At the end of the segment, looking forward, +90 degrees and -90 degrees: how many sidewalks or crosswalks are there?</li><li>In the middle of the segment: are how many sidewalks or crosswalks are there?</li></ul><p>These three scores should be added to make up the connectivity score. A very well connected segment will have a score of six plus any crosswalks that may exist along the segment.</p><p>Note also that a sidewalk that continues along the non-interrupted side of a 3-way intersection counts as one connection.  For example, when rating the right side of a segment that ends at a 3-way intersection where another road enters from the left, if the sidewalk continues along the right side of the street, the sidewalk makes one connection (i.e. to its continuation) at that intersection.</p>",How many connections does the sidewalk make to other sidewalks or crosswalks?  (2-lane and 1-lane streets are considered to have implicit crosswalks at corners even if no explicit crosswalk exists),None,1,2,3,4,5,6,7,8,9,10+
PEDS,6,sidewalk,Yes,Path condition,ped path condition poor/fair/good/under repair,PEDS-4.1==4,"<p>Poor: If a stroller cannot be pushed along the sidewalk without many jarring motions and/or if it clearly needs to be replaced (patches would not be sufficient). Fair: If a stroller can easily be pushed along the sidewalk with few jarring motions to the passenger and/or it only needs patches or other minor repair. Good: If a stroller can easily be pushed along the sidewalk without jarring motions to the passenger and/or it needs no repair at this time. Under Repair: If there is evidence of work being done to improve the sidewalk. Orange cones are not enough. If construction work is being done adjacent to the sidewalk, blocking it off as a result, it is considered ""under repair.""</p><table><tr><th>Poor</th><th>Good</th><th>Under Repair</th></tr><tr><td><img src=""[poor_sidewalk_2.png]""></td><td><img src=""[good_sidewalk.png]""></td><td><img src=""[sidewalk_under_repair.png]""></td></tr></table>",In what condition is the sidewalk or pedestrian path (paved trail)?,Good,Fair,Poor,Under repair,Not applicable-no sidewalk or paved trail,,,,,,
Minn-Irvine,101,sidewalk,Yes,Sidewalk condition,under repair/moderate or good/poor,,,,,,,,,,,,,,
PEDS,10,sidewalk,Yes,Sidewalk width,ped path width < 4 feet/4-8 feet/>8 feet,PEDS-4.1==4,"<p>If the sidewalk width varies, use the average/typical width.</p><table><tr><th>This (obstructed) sidewalk is about 5 feet wide.</th><th>This sidewalk is about 3 feet wide</th><th>A sidewalk where a family can walk comfortably is at least 4-8 Feet wide, as this one is:</th></tr><tr><td><img src=""[sidewalk_width.png]""/></td><td><img src=""[sidewalk_width_2.png]""/></td><td><img src=""[sidewalk.png]""/></td></tr></table>",How wide is the sidewalk?,<4 feet,4-8 feet,>8 feet,Not applicable,,,,,,,
PEDS,9,sidewalk,Yes,Path distance from curb,ped path distance from curb at edge/<5 feet/>5 feet,PEDS-4.1==4,"<p>The image on the left is less than 5 feet and the image on the right is > 5 feet.  If the distance varies, use the average or typical distance.</p><p><img src=""[distance_from_curb.png]""/></p>",How far is the sidewalk or path from the curb?,Less than 5 feet,More than 5 feet,Not applicable,,,,,,,,
PEDS,8.1,sidewalk,Yes,Buffers b/t road & path,fence,PEDS-4.1==4,"<p><img src=""[fence_hedges.png]""/></p><p>Note that the fence need not run the length of the segment, just be present for some of it.</p>",Is there a fence between the road and the path/sidewalk?,Yes,No,Not applicable-no path,,,,,,,,
PEDS,8.2,nature,Yes,Buffers b/t road & path,trees,PEDS-4.1==4,"<p>Trees are only a buffer if they are part of a landscape/grass buffer or if they occur regularly enough on the street to discourage pedestrians from walking along the roadway. Trees within a grass buffer count as a buffer. <img src=""[trees_grass.png]""/></p>",Are there trees between the road and the path/sidewalk?,Yes,No,Not applicable-no path,,,,,,,,
PEDS,8.3,nature,Yes,Buffers b/t road & path,hedges,PEDS-4.1==4,"<p><img src=""[fence_hedges.png]""/></p><p>Note that the hedge need not run the length of the segment, just be present for some of it.</p>",Is there a hedge between the road and the path/sidewalk?,Yes,No,Not applicable-no path,,,,,,,,
PEDS,8.4,nature,Yes,Buffers b/t road & path,landscape,PEDS-4.1==4,"<p><img src=""[landscape_grass.png]""/></p><p>Note that the landscaping need not run the length of the segment, just be present for some of it.</p>",Is there landscaping between the road and the path/sidewalk? (Note that grass is not landscaping for the purpose of this question),Yes,No,Not applicable-no path,,,,,,,,
PEDS,8.5,sidewalk,Yes,Buffers b/t road & path,grass,PEDS-4.1==4,"<p><img src=""[trees_grass.png]""/></p><p>Note that the grass need not run the length of the segment, just be present for some of it.</p>",Is there grass between the road and the path/sidewalk?,Yes,No,Not applicable-no path
PEDS,8.6,sidewalk,Yes,Buffers b/t road & path,none,,,,,,
PEDS,7.1,sidewalk,Yes,Path obstructions,poles or signs,PEDS-4.1==4,<p>Cars in driveways that block the sidewalk should be counted.  An object is only a path obstruction if it severely reduces or completely blocks off the pedestrian facility. </p>,Do poles or signs obstruct the path?,Yes,No,Not applicable-no path
PEDS,7.2,sidewalk,Yes,Path obstructions,parked cars,PEDS-4.1==4,"<p>An object is only a path obstruction if it severely reduces or completely blocks off the pedestrian facility. Threshold: Could you get by in wheelchair or while pushing a stroller? For this question, you are looking at potential obstructions on ALL pedestrian facilities on the street. If there are two sidewalks and only one has obstructions, please write down those obstructions.</p>",Do parked cars obstruct the path?,Yes,No,Not applicable-no path
PEDS,7.3,sidewalk,Yes,Path obstructions,greenery,PEDS-4.1==4,"<p>An object is only a path obstruction if it severely reduces or completely blocks off the pedestrian facility. Threshold: Could you get by in wheelchair or while pushing a stroller? For this question, you are looking at potential obstructions on ALL pedestrian facilities on the street. If there are two sidewalks and only one has obstructions, please write down those obstructions.</p>",Does greenery obstruct the path?,Yes,No,Not applicable-no path
PEDS,7.4,sidewalk,Yes,Path obstructions,garbage cans,PEDS-4.1==4,"<p>An object is only a path obstruction if it severely reduces or completely blocks off the pedestrian facility. Threshold: Could you get by in wheelchair or while pushing a stroller? For this question, you are looking at potential obstructions on ALL pedestrian facilities on the street. If there are two sidewalks and only one has obstructions, please write down those obstructions.</p>",Do garbage cans obstruct the path?,Yes,No,Not applicable-no path
PEDS,7.5,sidewalk,Yes,Path obstructions,other,PEDS-4.1==4,"<p>An object is only a path obstruction if it severely reduces or completely blocks off the pedestrian facility. Threshold: Could you get by in wheelchair or while pushing a stroller? For this question, you are looking at potential obstructions on ALL pedestrian facilities on the street. If there are two sidewalks and only one has obstructions, please write those obstructions.</p>",Does anything else obstruct the path?,Yes,No,Not applicable-no path
PEDS,7.6,sidewalk,,Path obstructions,none,,,,,,
Minn-Irvine,103,sidewalk,Yes,Sidewalk arcades,some or much of sidewalk covered/little or none,PEDS-4.1==4,"<p><img src=""[arcade.png]""/></p>",How much of the sidewalk is covered by arcades?,Some or much,Little or none,Not applicable-no sidewalk
Minn-Irvine,104,sidewalk,Yes,Sidewalk awnings,some or much of sidewalk covered/little or none,PEDS-4.1==4,"<p><img src=""[awning.png]""/></p>",How much of the sidewalk is covered by awnings?,Some or much,Little or none,Not applicable-no sidewalk
Minn-Irvine,105,sidewalk,Yes,Sidewalk other covering,some or much of sidewalk covered/little or none,PEDS-4.1==4,,How much of the sidewalk is covered by some other covering?,Some or much,Little or none,Not applicable-no sidewalk
PEDS,5.2,sidewalk,,Path material,concrete,,"<p><img src=""[concrete.png]""/></p>",,,,
PEDS,5.3,sidewalk,,Path material,paving bricks or flat stone,,"<p><img src=""[bricks_stone.png]""/></p>",,,,
PEDS,5.4,sidewalk,,Path material,gravel,,"<p><img src=""[gravel.png]""/></p>",,,,
PEDS,5.5,sidewalk,,Path material,dirt or sand,,"<p><img src=""[dirt_sand.png]""/></p>",,,,
Minn-Irvine,102,sidewalk,,Sidewalk surface,decorative paving covers most or all of sidewalk on segment yes/no,,,,,,
PEDS,4.2,sidewalk,,Type of ped facility,paved trail,,"<p>a paved trail is any paved walkway that is not associated with a roadway.<img src=""[paved_trail.png]""/></p>",,,,,,
PEDS,4.3,sidewalk,,Type of ped facility,sidewalk,,"<p>a walkway will only be considered a sidewalk if it is associated with a roadway. <img src=""[sidewalk.png]""/></p>",,,,,,
Minn-Irvine,99,sidewalk,,Sidewalk presence,sides of street with sidewalks ___,,,,,,,,
,,,,,,,,Other conditions of road and sidewalk,,,,,
PEDS,35,transit,Yes,Bus stops,bus stop with shelter/bus stop with bench/bus stop with signage only/none,,"<p><img src=""[busstop_shelter.png]""/>, <img src=""[busstop_with_bench.png]""/>, <img src=""[busstop_with_sign.png]""/></p>",Is there a bus stop and if so what kind?,Bus stop with shelter,Bus stop with bench,Bus stop with signage only ,No bus stop,
PEDS,25,lighting,Yes,Roadway/path light,road-oriented lighting/pedestrian-scale lighting/ther lighting/none,,"<p>No lighting: there is no artificial lighting in the area, Road-oriental lighting: there are public light fixtures that aim light at the road or are very high and illuminate broad expanses. Pedestrian-scale lighting: there are public light fixtures that aim light at the walking path. Other lighting: lighting from store, apartment etc. that lights the road and/or ped path.</p><p>Note: please include lighting that lights the road from either side but exclude pedestrian-oriented lighting that doesn't light the side of the street that's being rated.</p>",What kind of lighting is there?,Road-oriented lighting,Pedestrian-oriented lighting,Both kinds of lighting,Other lighting,No lighting
Minn-Irvine,142,powerlines,,Electrical wiring visible,some or a lot/little/none,,"<p>Note that this question assesses the visual impact of the wiring, so wires on the other side of the segment do count.</p><table><tr><th>None</th><th>Little</th><th>Some</th></tr><tr><td><img src=""[no_wiring.png]""/></td><td><img src=""[little_wiring.png]""/></td><td><img src=""[some_wiring.png]""/></td></tr><tr><td></td><td>Random note: this coffee shop is a short walk from Steve's old house in Seattle.  Good coffee!</td><td></td></tr></table> ",Is there visible electric wiring overhead?,Some or a lot,Little,None,,
Minn-Irvine,159,,,Billboards present,some or a lot/few/none,,"<table><tr><th>None</th><th>Few</th><th>Some</th></tr><tr><td><img src=""[no_billboards.png]""/></td><td><img src=""[few_billboards.png]""/></td><td><img src=""[some_billboards.png]""/></td></tr></table> ",How many billboards are present?,Some or a lot,Few,None,,
Minn-Irvine,96,ped access,Yes,Barriers-drainage ditch,no barrier/can be overcome/can be somewhat overcome/cannot be overcome,,"<p><img src=""[drainage_ditch.png]""></p>",Is a drainage ditch present?,Not present,Present,,,
Minn-Irvine,96.1,ped access,Yes,Barriers-drainage ditch,,Minn-Irvine-96!=1,,Can the drainage ditch be overcome,Can be overcome,Can be somewhat overcome,Cannot be overcome,No destinations on far side,
Minn-Irvine,92,ped access,Yes,Barriers-highway,no barrier/can be overcome/can be somewhat overcome/cannot be overcome,,"<p><img src=""[highway.png]""></p>",Is a highway (elevated or below ground) present?,Not present,Present,,,
Minn-Irvine,92.1,ped access,Yes,Barriers-highway,,Minn-Irvine-92!=1,,Is the highway a barrier to walking?,Can be overcome,Can be somewhat overcome,Cannot be overcome,No destinations on far side,
Minn-Irvine,94,ped access,Yes,Barriers-impassable land use,no barrier/can be overcome/can be somewhat overcome/cannot be overcome,,"<p><img src=""[impassable_land_use.png]""></p>","Is an impassable land use (e.g. gated community, major industrial complex) present?",Not present,Present,,,
Minn-Irvine,94.1,ped access,Yes,Barriers-impassable land use,,Minn-Irvine-94!=1,,Is the impassable land use a barrier to walking?,Can be overcome,Can be somewhat overcome,Cannot be overcome,No destinations on far side,
Minn-Irvine,98,ped access,Yes,Barriers-other,no barrier/can be overcome/can be somewhat overcome/cannot be overcome,,,"Is any other barrier to walking present? (Note: a barrier is something that significantly hinders walking, not just something annoying to pedestrians)",Not present,Present,,,
Minn-Irvine,98.1,ped access,Yes,Barriers-other,,Minn-Irvine-98!=1,,Can that barrier be overcome?,Can be overcome,Can be somewhat overcome,Cannot be overcome,No destinations on far side,
Minn-Irvine,93,ped access,Yes,Barriers-railroad track,no barrier/can be overcome/can be somewhat overcome/cannot be overcome,,"<p><img src=""[railroad_track.png]""></p>",Is a railroad track present?,Not present,Present,,
Minn-Irvine,93.1,ped access,Yes,Barriers-railroad track,,Minn-Irvine-93!=1,,Is that railroad track a barrier to walking?,Can be overcome,Can be somewhat overcome,Cannot be overcome,No destinations on far side
Minn-Irvine,95,ped access,Yes,Barriers-river,no barrier/can be overcome/can be somewhat overcome/cannot be overcome,,"<p><img src=""[river.png]""></p>",Is a river present?,Not present,Present,,
Minn-Irvine,95.1,ped access,Yes,Barriers-river,,Minn-Irvine-95!=1,,Is that river a barrier to walking?,Can be overcome,Can be somewhat overcome,Cannot be overcome,No destinations on far side
Minn-Irvine,97,ped access,Yes,Barriers-road 6+lanes,no barrier/can be overcome/can be somewhat overcome/cannot be overcome,,"<p><img src=""[8_lanes.png]""></p>",Is a road with 6+ lanes present?  (This includes both the street being rated and cross-streets at the start and end of the street being rated),Not present,Present,,
Minn-Irvine,97.1,ped access,Yes,Barriers-road 6+lanes,,Minn-Irvine-97!=1,,Is that road a barrier to walking?,Can be overcome,Can be somewhat overcome,Cannot be overcome,No destinations on far side
Minn-Irvine,178,ped access,,Convenience of crossing,,,"<p>Determine whether there are sufficient opportunities for the average individual to cross the street conveniently at this location. Answer yes if a typical person would not feel that he or she had to go noticeably out of his or her way to cross the street at a designated location. Also answer yes if the typical person would not be discouraged from crossing the street because designated places for crossing are too far away. If the intersection is a cul de sac, mark N/A.</p>","For an individual on this segment, how convenient (traffic-wise) do you think it is to cross the street from this segment?  (Note: the street in question is the street along the segment being rated, not any cross streets.)",Pretty/very convenient,Not very or inconvenient,Not applicable-cul de sac,
,,,,,,,,Land use,,,,
PEDS,1.4,land use,Yes,Uses in segment,office and institutional,,"<p>office parks, corporate campuses, public buildings, schools, churches, hospitals etc. This also includes professional offices in residential buildings (dentist, lawyer, doctor, accountant, etc.), <img src=""[office_institutional.png]""/></p>",,,,,
PEDS,1.5,land use,Yes,Uses in segment,commercial and retail,,"<p>restaurants, stores, malls, and gas stations etc. <img src=""[office_institutional.png]""/></p>",,,,,
PEDS,1.8,land use,Yes,Uses in segment,recreational,,"<p><img src=""[recreation.png]""/></p>",,,,,
Minn-Irvine,24,land use,Yes,Land uses present,single family home detached,,"<p><img src=""[single_family_housing.png]""/></p>",Are there any single family detached homes?,Yes,No,,
Minn-Irvine,25,land use,Yes,Land uses present,Single family home duplex,,"<p>Duplexes can be identified by multiple front doors, multiple mailboxes or multiple garage doors.<p><table><tr><td><img src=""[attached_single_family_housing_1.png]""/></td><td><img src=""[attached_single_family_housing_2.png]""/></td></tr></table>",Are there any single family duplex homes? ,Yes,No,,
Minn-Irvine,26,land use,Yes,Land uses present,Town home/condo/apartment (3+ units),,"<p><img src=""[townhouse_condo.png]""/></p>",Are there any town home/condo/apartments (3+ units)?,Yes,No,,
PEDS,1.3,land use,Yes,Uses in segment,mobile homes,,"<p>Note that an RV that does not appear to be used as a permanent residence does not count.</p><p><img src=""[mobile_home.png]""/></p>",Are there any mobile homes? (Do not count RVs that don't appear to be used as permanent residences),Yes,No,,
Minn-Irvine,28,land use,Yes,Land uses present,Residential-other,,,Is there any other residential land use?,Yes,No,,
Streetview,1,land use,Yes,Land uses present,Non-residential,,,Are there any non-residential land uses?,Yes,No,,
Minn-Irvine,29,land use,Yes,Land uses present,Elementary or junior high school,Streetview-1==1,,"Is there an Elementary or junior high school? (If there's a school and you're not sure what grade level it is or it spans junior high and high school, pick no)",Yes,No,,
Minn-Irvine,30,land use,Yes,Land uses present,High school,Streetview-1==1,,"Is there a high school? (If there's a school and you're not sure what grade level it is or it spans junior high and high school, pick no)",Yes,No,,
Minn-Irvine,31,land use,Yes,Land uses present,University or college,Streetview-1==1,,Is there a university or college?,Yes,No,,
Minn-Irvine,32,land use,Yes,Land uses present,School-other,Streetview-1==1,,"Is there any other kind of school? (If there's a school and you're not sure what grade level it is or it spans junior high and high school, pick yes)",Yes,No,,
Minn-Irvine,33,land use,Yes,Land uses present,"Plaza, square, park, playground, landscaped open space, playing fields, garden",Streetview-1==1,,Is there a park or playground?,Yes,No,,
,,,,,,Streetview-1==1,,Is there a playing or sport field?,Yes,No,,
,,,,,,Streetview-1==1,"<p>Plazas and squares are public or semi-public places where people can gather.</p><p><img src=""[plazas_squares.png]""/></p>","Is there a plaza, square, or courtyard?",Yes,No,,
,,,,,,Streetview-1==1,,Is there a public garden?,Yes,No,,
,,,,,,Streetview-1==1,,Is there a beach?,Yes,No,,
Minn-Irvine,34,land use,Yes,Land uses present,Public space-other,Streetview-1==1,<p>Any space that seems intended for public use and is open to the public but not included in above categories or specifically commercial or industrial.  Note that streets and sidewalks do not count for this purpose.  Does not need to be publicly owned.</p>,Is there some other kind of public space?,Yes,No,,
Minn-Irvine,73,ped access,Yes,Public access to pub space,unclear/yes/no,Streetview-1==1||Minn-Irvine-34==1,,Is it possible for the general public to use the public space?,Yes,No,Unclear,Not applicable-no public space
Minn-Irvine,35,land use,Yes,Land uses present,Gym/fitness center,Streetview-1==1,,Is there a gym/fitness center?,Yes,No,,
Minn-Irvine,36,land use,Yes,Land uses present,movie theater,Streetview-1==1,,Is there a movie theater?,Yes,No,,
Minn-Irvine,37,land use,Yes,Land uses present,recreational-other,Streetview-1==1,,Is there any other kind of recreational land use?,Yes,No,,
Minn-Irvine,38,land use,Yes,Land uses present,community center or library,Streetview-1==1,,Is there a community center or library?,Yes,No,,
Minn-Irvine,39,land use,Yes,Land uses present,"museum, auditorium, concert hall, theater",Streetview-1==1,,"Is there a museum, auditorium, concert hall, or theater?",Yes,No
Minn-Irvine,40,land use,Yes,Land uses present,"post office, police, courtroom, DMV",Streetview-1==1,,"Is there a post office, police, courtroom, or DMV?",Yes,No
Minn-Irvine,41,land use,Yes,Land uses present,public building-other,Streetview-1==1,,Is there any other kind of public (i.e. government or quasi-government) building?,Yes,No
Minn-Irvine,42,land use,Yes,Land uses present,religious institution,Streetview-1==1,,Is there a religious institution?,Yes,No
Minn-Irvine,43,land use,Yes,Land uses present,"hospital, medical facility, health clinic",Streetview-1==1,,"Is there a hospital, medical facility, or health clinic?",Yes,No
Minn-Irvine,44,land use,Yes,Land uses present,institutional-other,Streetview-1==1,,Is there any other institutional land use?,Yes,No
Minn-Irvine,45,land use,Yes,Land uses present,retail stores/restaurant,Streetview-1==1,,Are there any retail stores/restaurants?,Yes,No
Minn-Irvine,46,land use,Yes,Land uses present,bank/financial service,Streetview-1==1,,Is there a bank or financial service?,Yes,No
Minn-Irvine,47,land use,Yes,Land uses present,hotel/hospitality,Streetview-1==1,,Is there a hotel or hospitality business?,Yes,No
Minn-Irvine,48,land use,Yes,Land uses present,car dealership,Streetview-1==1,,Are there any car dealerships?,Yes,No
Minn-Irvine,49,land use,Yes,Land uses present,gas/service station,Streetview-1==1,,Is there a gas/service station?,Yes,No
Minn-Irvine,50,land use,Yes,Land uses present,commercial-other,Streetview-1==1,"Commercial use implies that commerce will take place here, so a manufacturing use is not a commercial use unless it has an in-building retail outlet.",Is there any other commercial land use? (Not included in the above land uses),Yes,No
Minn-Irvine,51,land use,Yes,Land uses present,offices,Streetview-1==1,,Are there offices?  (i.e. buildings where white-collar work take place),Yes,No
Minn-Irvine,53,land use,Yes,Land uses present,office/service-other,Streetview-1==1,,Is there any other kind of office or service land use?,Yes,No
PEDS,1.6,land use,Yes,Uses in segment,industrial,Streetview-1==1,"<p>Factories, mills, industrial complexes, etc.</p>",Is there any industrial land use?,Yes,No
Minn-Irvine,54,land use,Yes,Land uses present,light industrial (small or clean),Streetview-1==1||PEDS-1.6==1,"<p>Industrial uses are intended to include job locations; do not count, say, electrical substations or warehouses.<p>",Is there any light industrial (small) land use?,Yes,No
Minn-Irvine,55,land use,Yes,Land uses present,"medium or heavy industrial (e.g. chemical plants, oil wells)",Streetview-1==1||PEDS-1.6==1,,"Is there any medium or heavy industrial (e.g. chemical plants, oil wells) land use?",Yes,No,,
Minn-Irvine,56,land use,Yes,Land uses present,industrial-other,Streetview-1==1||PEDS-1.6==1,<p>This category includes warehouses that aren't part of warehouse stores.</p>,Is there any other industrial land use?,Yes,No,,
Minn-Irvine,57,nature,Yes,Land uses present,harbor/marina,Streetview-1==1,,Is there a harbor or marina?,Yes,No,,
Minn-Irvine,59,land use,Yes,Land uses present,"agricultural land, ranch, farming",Streetview-1==1,,"Is there agricultural land, ranch, farming?",Yes,No,,
PEDS,1.7,land use,Yes,Uses in segment,vacant or undeveloped (also Minn-Irvine item 58),,"<p>Cleaned or cleared off lots, naturally occurring vegetation, natural features such as lakes and rivers.</p>",Is there vacant or undeveloped land?,Yes,No,,
Minn-Irvine,62,land use,Yes,Vertical mixed use,some or a lot/few/none/NA,Streetview-1==1,"<p>Choose ""some or a lot"" rather than ""few"" if there are at least 3 buildings with mixed-use OR at least 50% of buildings on the segment are mixed-use.</p><p><img src=""[mixed_use.png]""></p>",Is there any vertical mixed use?,Some or a lot,Few,None,Not applicable-no buildings >1 story
Minn-Irvine,63,buildings,Yes,Distinctive retail types,"big-box stores (includes superstore, warehouse store)",Streetview-1==1,"<p><img src=""[big_box.png]""></p>",Is there a big box store (e.g. super store or warehouse store)?,Yes,No,,
Minn-Irvine,64,buildings,Yes,Distinctive retail types,shopping mall,Streetview-1==1,"<p><img src=""[shopping_mall.png]""></p>",Is there a shopping mall?,Yes,No,,
Minn-Irvine,65,buildings,Yes,Distinctive retail types,strip mall/row of shops,Streetview-1==1,"<p>A strip mall is a building with only ground floor retail uses and parking between the street and the shops.</p><p><img src=""[strip_mall.png]""></p>",Is there a strip mall?,Yes,No,,
Minn-Irvine,66,buildings,Yes,Distinctive retail types,drive-thru,Streetview-1==1,"<p><img src=""[drive_through.png]""></p>",Is there a drive-through?,Yes,No,,
Minn-Irvine,74,land use,Yes,Land use-bars/nightclubs,some or a lot/few/none,Streetview-1==1,"<p><img src=""[night_club.png]""></p>",Are there any bars/nightclubs?,Some or a lot,Few,None,
Minn-Irvine,75,land use,Yes,Land use-adult uses,some or a lot/few/none,Streetview-1==1,"<p><img src=""[adult_uses.png]""></p>",Are there any adult uses?,Some or a lot,Few,None,
Minn-Irvine,76,land use,Yes,Land use-check cashing,"check cashing stores, pawn shops, bail bond stores-some or a lot/few/none",Streetview-1==1,,Are there any check cashing establishments?,Some or a lot,Few,None,
Minn-Irvine,77,land use,Yes,Land use-liquor stores,some or a lot/few/none,Streetview-1==1,"<p><img src=""[liquor_store.png]""></p>",Are there any liquor stores?,Some or a lot,Few,None,
Minn-Irvine,78,land use,Yes,Land use-restaurants,some or a lot/few/none,Streetview-1==1,"<p><img src=""[restaurant.png]""></p>",Are there any restaurants?,Some or a lot,Few,None,
Minn-Irvine,79,land use,Yes,Land use-coffee shops,some or a lot/few/none,Streetview-1==1,"<p><img src=""[coffee_shop.png]""></p>",Are there any coffee shops?,Some or a lot,Few,None,
Minn-Irvine,80,land use,Yes,Land use-libraries/bookshop,some or a lot/few/none,Streetview-1==1,"<p><img src=""[bookstore.png]""></p>",Are there any libraries/bookshops?,Some or a lot,Few,None,,,,,,,,
Minn-Irvine,81,land use,Yes,Land use-corner store,some or a lot/few/none,Streetview-1==1,"<p><img src=""[convenience_store.png]""></p>",Is there a convenience store or bodega?,Some or a lot,Few,None,,,,,,,,
Minn-Irvine,82,land use,Yes,Land use-galleries,some or a lot/few/none,Streetview-1==1,,Are there any galleries?,Some or a lot,Few,None,,,,,,,,
Minn-Irvine,84,nature,Yes,"Nature-field, golf course",yes/no,,"<p><img src=""[open_field.png]""></p>",Is there an open field or golf course? (cropland does not count),Yes,No,,,,,,,,,
Minn-Irvine,85,nature,Yes,Nature-lake/pond,yes/no,,"<p><img src=""[lake.png]""></p>",Is there a lake or pond?,Yes,No,,,,,,,,,
Minn-Irvine,86,nature,Yes,Nature-fountain/pool,yes/no,,"<p><img src=""[fountain.png]""></p>",Is there a fountain or pool?,Yes,No,,,,,,,,,
Minn-Irvine,87,nature,Yes,Nature-stream/river/canal,yes/no,,"<p><img src=""[stream.png]""></p>","Is there a stream, river, or canal?",Yes,No,,,,,,,,,
Minn-Irvine,88,nature,Yes,Nature-forest,yes/no,,"<p><img src=""[forest.png]""></p>",Is there a forest?,Yes,No,,,,,,,,,
Minn-Irvine,89,nature,Yes,Nature-ocean,yes/no,,"<p><img src=""[ocean.png]""></p>",Is there an ocean?,Yes,No,,,,,,,,,
Minn-Irvine,90,nature,Yes,Nature-mountain or hills,yes/no,,"<p><img src=""[mountain.png]""></p>",Is there a mountain or hills?,Yes,No,,,,,,,,,
Minn-Irvine,91,nature,Yes,Nature-desert,yes/no,,"<p><img src=""[desert.png]""></p>",Is there a desert?,Yes,No,,,,,,,,,
,,,,,,,,Appearance and condition of buildings and street space,,,,,,,,,,,
MIUDQ,22,buildings,Yes,complexity,"1. number of buildings (both sides, beyond study area)",,"<p>This includes corner lot buildings and all buildings enterable from the study area only.    Visible buildings can be distinguished by separate doors, architecture, colors, etc.</p><p>If you are unsure whether a given structure should count as one building or multiple buildings, consider whether it appears that each sub-section of the structure could stand on its own without major renovations if its neighbors were removed.  For example, older attached rowhouses were often built to be able to stand independantly, but more recent duplexes were typically built as a single building.</p><p>In a campus environment, count only buildings that are within 100 feet of the sidewalk.</p><p>Do not count detached garages unless they appear to have other uses associated with them (e.g. a studio above the garage).</p>",How many buildings are on the segment?,None,1,2,3,4,5,6,7,8,9,10+
Minn-Irvine,127,buildings,Yes,Building height,"5+ stories/3-4/1-2/heights vary, no predominant height/NA",MIUDQ-22==0,"<table><tr><th>1-2 stories</th><th>3-4 stories</th><th>5 or more stories</th></tr><tr><td><img src=""[one_two_stories.png]""/></td> <td><img src=""[three_four_stories.png]""/></td> <td><img src=""[five_more_stories.png]""/></td></tr></table> ",How many stories are most buildings on the segment?  (Do not count basements),5+ stories,3-4 stories,1-2 stories,Not applicable,,,,,,,
Minn-Irvine,131,buildings,Yes,Buildings -front porches,some or a lot/few/none/NA,MIUDQ-22==0,"<p>Front porches are designated spaces on the front of the building that are large enough to accommodate two or more chairs for sitting. Chairs need not be present to count as a front porch. Porches can vary in size and type but should be elevated off the ground.  Porches typically function as an 'outdoor room.' </p><p>Choose ""some or a lot"" rather than ""few"" if there are at least 3 porches OR at least 50% of residences on the segment have front porches.</p><p><img src=""[front_porch.png]""/></p>",How many buildings have front porches (porches large enough to sit on)?,Some or a lot,Few,None,Not applicable,,,,,,,
Minn-Irvine,130,buildings,Yes,Buildings-barred windows,some or a lot/few/none/NA,MIUDQ-22==0,"<p>This question concerns bars to keep intruders out:</p><p><img src=""[window_bars.png]""/></p><p>Please do not count bars to keep children in:</p><p><img src=""[child_guards.jpg]""/></p><p>Choose ""some or a lot"" rather than ""few"" if there are at least 3 buildings with bars on the windows OR at least 50% of residences on the segment have bars on the windows.</p>",How many buildings have windows with bars?,Some or a lot,Few,None,Not applicable,,,,,,,
Minn-Irvine,133,buildings,Yes,Buildings-garage doors facing,some or a lot/few/none/NA,MIUDQ-22==0,"<p>Choose ""some or a lot"" rather than ""few"" if there are at least 3 buildings with garage doors facing the street OR at least 50% of residences on the segment have garage doors facing the street.</p><table><tr><th>None</th><th>Few</th><th>Some or a lot</th></tr><tr><td><img src=""[no_garage.png]""/></td><td><img src=""[few_garages.png]""/></td><td><img src=""[some_garages.png]""/></td></tr></table> ",How many buildings have garage doors facing the street?,Some or a lot,Few,None,Not applicable,,,,,,,,
Minn-Irvine,134,buildings,Yes,Garage doors=prominent,very/somewhat/not very or not visible,MIUDQ-22==0||Minn-Irvine-133==2,"<p>Note that this question is asking about the prominance of garage doors that exist, not the prominance of garage doors on the street.  So if there's only one garage door on a 20-house street, but that garage's door is very prominant, pick very prominent as the answer.</p><table><tr><th>Very prominent</th><th>Somewhat prominent</th><th>Not very prominent</th></tr><td><img src=""[very_prominent_garage.png]""/></td><td><img src=""[somewhat_prominent.png]""/></td><td><img src=""[not_very_prominent.png]""/></td></tr></table>",How prominent are most garage doors when looking at the front of buildings?,Very,Somewhat,Not very/not visible,,,,,,,,,
MIUDQ,3,aesthetics,Yes,imageability,"3. proportion historic building frontage (both sides, within study area)",MIUDQ-22==0,"<p>Those built before WWll. Post WWll buildings have lots of glass, interesting lighting, and look very simple or geometric.</p>",What percent of the building frontage is historic?,Write in %,,,,,,,,,,,
MIUDQ,23,aesthetics,Yes,complexity,"2a. number of  basic building colors (both sides, beyond study area)",MIUDQ-22==0,"<p>Count the number of distinct basic colors represented on buildings.  Select colors from this list: red, orange, yellow, green, blue, purple, brown, black, white and gray.Basic colors indicate that the colors used for the majority of the facade.</p>",How many basic building colors do you see?,Not applicable,1,2,3,4,5,6,7,8,9,10+,
MIUDQ,24,aesthetics,Yes,complexity,"2b. number of  accent colors (both sides, beyond study area)",MIUDQ-22==0,"<p>Count the number of distinct basic colors represented on buildings.  Select colors from this list: red, orange, yellow, green, blue, purple, brown, black, white and gray.  Accent colors are the colors used for building trims and roofs, street objects, awnings, signs, etc.</p>",How many accent colors on buildings do you see?,Not applicable,1,2,3,4,5,6,7,8,9,10+,
MIUDQ,5,aesthetics,Yes,imageability,"5. number of buildings with non-rectangular shapes (both sides, within study area)",MIUDQ-22==0,"<p>Non-rectangular shapes: Those that do not have simple rectangular profiles from at least one angle as seen by the passing pedestrian: Pitched roofs, ornamental trim, dormers, etc. Qualify buildings as non-rectangular, but not awnings, signage, and porches.</p>",How many buildings with nonrectangular shapes do you see? (Note that pitched roofs a pedestrian can see make a building non-rectangular; please read the help for this question at least once),Not applicable,None,1,2,3,4,5,6,7,8,9,10+
Minn-Irvine,129,design,,Buildings on >1/2 segment,yes/no,MIUDQ-22==0,"<p>A segment where more than 50% of the segment has buildings</p><p>This means that 50% or more of the land is developed with buildings (i.e. not vacant lots, parking lots, parks, or other land uses that are not associated with buildings).  Note that this does not require that 50% of the land space is covered by buildings -- a segment through a fully built-out large-lot suburban development should count as having 50% buildings even if, say, 20% of the ground is built over.</p><p><img src=""[building.png]""/></p>",Does at least 50% of the segment have buildings?,Yes,No,,,,,,,,,,
PEDS,29,design,,Degree of enclosure,little or no/some/highly enclosed,,"<p>This question regards the distance a pedestrian can see from the segment and how that affects the street's feel.  Little or no enclosure: the view from the sidewalk is open in both directions for more than 15 feet for most of the segment. It is wide-open, unconstrained space. Some: the view is partially enclosed, but there are still some wide-open spaces. Highly enclosed: the buildings lining the street are within 10 feet of the sidewalk and there is a cross-sectional design ratio of approximately one(height) to two(width), or less, where the width is the width from the street's center to the street wall. Note: Take into account both the buildings and natural features (trees, bushes etc.)</p><p><table><tr><th>No Enclosure</th></tr><tr><td><img src='[no_enclosure.png]'/></td></tr><tr><th>Some Enclosure</th></tr><tr><td><img src='[some_enclosure.png]'/></td></tr><tr><th>Highly enclosed</th></tr><td><img src='[high_enclosure.png]'/></td></tr></table><p>Alternately, consider the schmatic view of enclosure:</p><p><img src='[enclosure.png]'></p>",What is the maximum degree of enclosure on the segment?  (See help for a detailed definition of enclosure),Little or no enclosure,Some enclosure,Highly enclosed,,,,,,,,,
MIUDQ,10,design,,enclosure,"2a. proportion street wall (your side, beyond study area)",MIUDQ-22==0,<p>Note the proportion of your side of block that consists of a street wall of the total block length. Record the proportion estimates (between 1 and 100).</p>,What proportion of the block has a street wall (buildings within 10 ft of sidewalk edge)?,Write in %,,,,,,,,,,,
PEDS,33,design,Yes,Setback from sidewalk,buildings at edge of sidewalk/within 20 feet/more than 20 feet,MIUDQ-22==0,"<p>If the setbacks vary along the segment, pick the setback distance that best describes the plurality of setbacks.</p><table><tr><th>Edge</th><th>Within 20 feet</th><th>More than 20 feet</th></tr><tr><td><img src=""[edge_of_sidewalk.png]""/></td><td><img src=""[20_feet_of_sidewalk.png]""/></td><td><img src=""[morethan20feet.png]""/></td></tr></table>",How far are most buildings set back from the sidewalk?,At edge of sidewalk,Within 20 feet of sidewalk,More than 20 feet from sidewalk,Not applicable-no buildings,,,,,,,,
MIUDQ,9,design,,enclosure,"1. number of long sight lines (both sides, beyond study area)",,"<p>long sight lines (count-0: min, 3: max) : the ability to see at least 1000ft or about 3 city blocks into the distance at any point during your observation through the block. Do not count views down cross streets on ends of blocks. </p>","How many long sight lines can you see - front, left, and right? (Note that these sight lines can appear anywhere along the block -- see help for more info)",None,1,2,3,,,,,,,,
MIUDQ,12,design,,enclosure,"3a. proportion sky (ahead, beyond study area)",,<p>Assess the percentage of sky visible in your frame of vision. Record the estimated proportion (between 1 and 100). Make sure you are at the beginning of the block just past the cross-street. Sky visible through a glass obstruction does not count as visible sky.</p>,What proportion of the view ahead is sky at the start of the segment?,Write in %,,,,,,,,,,,
Minn-Irvine,22,design,,Significant open view,of object not on segment yes/no,,"<table><tr><th>Significant open view</th><th>No significant open view</th></tr><tr><td><img src=""[significant_open_view.png]""></td><td><img src=""[no_significant_open_view.png]""></td></tr></table>","Is there a significant open view of an object not on the block?  (e.g. mountains, ocean, landmark buildings, etc.)",Yes,No,,,,,,,,,,
Minn-Irvine,132,design,Yes,Buildings-blank walls,some or a lot/few/none/NA,MIUDQ-22==0,"<p>Blank walls have no windows or doors meant to be opened from outside.</p><p>Choose ""some or a lot"" rather than ""few"" if there are at least 3 buildings with blank walls OR at least 50% of buildings on the segment have blank walls.</p><p>Picture of a blank wall:</p><p><img src=""[blank_wall.png]""/></p>",How many buildings have blank walls?  (only blank walls facing the segment count),Some or a lot,Few,None,,,,,,,,,
MIUDQ,19,design,Yes,transparency,"1. proportion windows at street level (your side, within study area)",MIUDQ-22==0,<p>Note the proportion of street-level facade on your side covered by windows of any size. Record the proportion of the whole block length (between 1 and 100) covered by street-level windows.</p>,What proportion of the building fronts are windows at street level?,Write in %,Not applicable-no buildings,,,,,,,,,,
PEDS,32,design,Yes,Articulation,in building designs-little or no/some/highly,MIUDQ-22==0,"<p>Little or no articulation: the facades of buildings along the segment are unadorned and do not have many window openings. Some articulation: the facades of buildings along the segment are similar in style and/or are not very ornate. Highly articulated: the facades of buildings along the segment are complex and varied.</p><table><tr><th>No Articulation</th><th>Some Articulation</th><th>Highly Articulated</th></tr><tr><td><img src=""[no_articulation.png]""/></td><td><img src=""[some_articulation.png]""/></td><td><img src=""[high_articulation.png]""/></td></tr></table>",How much articulation is there is building designs?,Little or no,Some,Highly articulated,,,,,,,,,
MIUDQ,1,design,,imageability,"1. number of courtyards, plazas, and parks (both sides, within study area)",,"<p>Courtyard: a permanent space which people are intended/able to enter -Plaza: large open space (bigger than 15ft square), often with art, plants, or associated with buildings. -Park: place intended for human use/recreation; often with greenery, a playground, etc. Garden: enterable and larger than 10ft square. All features should be accessible.</p>",,,,,,,,,,,,
MIUDQ,4,design,Yes,imageability,"4. number of buildings with identifiers (both sides, within study area)",MIUDQ-22==0,"<p>Count buildings that are not solely residential with clear signs or universal symbols that reveal their street-level use. That is, a gas pump on it could identify a gas statio or a steeple could identify a church. Words can also identify a lot/building: ""high school,"" ""pharmacy,""""restaurant,""""cafe,"" and brand or franchise names. A name such as ""Joe's"" would not work, while ""Joe's Pub"" would identify the building. If a single building has multiple street-level occupants, it is identifiable only if the majority of occupants are identifiable.",,,,,,,,,,,,
"</p>""",How many buildings with identifiers are there?,Few,Some,Most,All,No non-residential buildings present,,,,,,,,,,,,,
MIUDQ,21,activity,Yes,transparency,"3. proportion active uses (your side, within study area)",MIUDQ-22==0,"<p>Note the amount of active-use buildings that are on your side within the study area. If a building is active, assume all sides are active (even blank walls). Record the proportion of the total block (between 1 and 100). Active use building: one in which there is frequent pedestrian traffic (more than 5 people could be expected to enter/exit if you were rating the block in person at a busy time of the day). Always active: parks, stores, restaurants, attached/apartment-style residential buildings, hospitals, and schools. Always inactive: construction sites, parking lots, churches, detached/single residence units, and vacant or abandoned lots. </p>",What proportion of the block is active uses?,Write in %,,,,,,,,,,
Minn-Irvine,156,aesthetics,Yes,Interesting architecture?,interesting/somewhat interesting/uninteresting,MIUDQ-22==0,,How interesting is the architecture?,Interesting,Somewhat interesting,Uninteresting,,,,,,,,
Minn-Irvine,17,aesthetics,Yes,Banners,to identify neighborhood some or a lot/few/none,,"<p>Note: count only markers that identify the neighborhood -- monuments or banners identifying a particular building or a campus should not count.</p><p>Some examples of monuments:</p><p><img src=""[monuments.png]""></p><p>Some examples of banners:</p><p><img src=""[banners.png]""></p>",Does the segment have banners or monuments that identify the neighborhood?,Banners,Monuments,Both,Neither,,,,,,,
MIUDQ,26,aesthetics,Yes,complexity,"4. number of pieces of public art (both sdies, within study area)",,"<p>Count individual pieces of public art that are within the study area or intended for viewing from the sidewalk. Public art: monuments, sculptures, murals, and any artistic display that has free access. Art must be the size of a small person or have clear identification indicating its status as art.</p>",How many pieces of public art do you see?,None,1,2,3,4,5,6,7,8,9,10+
Minn-Irvine,119,amenities,Yes,Amenities-outdoor dining,some or a lot/few/none,,"<p><img src=""[outdoor_dining.png]""/> <p> cafes, outdoor tables at coffeeshops and plazas, etc </p> <p>Choose ""some or a lot"" rather than ""few"" if there are at least 3 outdoor dining locations OR at least 50% of buildings on the segment have associated outdoor dining areas.</p>","Are there outdoor dining areas (cafes, outdoor tables at coffee shops or plazas, etc)?",Some or a lot,Few,None,,,,,,,,
Minn-Irvine,120,amenities,Yes,Amenities-benches,some or a lot/few/none,,"<p><img src=""[benches.png]""/></p><p>The scale here refers to the amount of sitting space, not the number of discrete objects, so one long ledge along a streetside could count as a lot.</p>","How many benches (not a bus stop), chairs and/or ledges for sitting?",Some or a lot,Few,None,,,,,,,,
MIUDQ,18,amenities,Yes,human scale,"5. number of pieces of street furniture (your side, within study area)",,"<p>Furniture intended for people.  Benches, chairs, tables, etc.  However, do not count tables and chairs for outdoor dining.</p>",How many pieces of street furniture are there? (bus stop benches count -- see help for more specifics),None,1,2,3,4,5,6,7,8,9,10+
MIUDQ,18.1,amenities,Yes,human scale,"5. number of other street items (your side, within study area)",,"<p>Other objects intended for humans. Lamps posts, newspaper and mail boxes, bus station furniture, information booths, ATMs, small potted plants, umbrellas, trash cans, flags, railings, balloons(1 per bunch), merchandise stands, or pedestrian-scale street lights. However, if chairs are not associated with outdoor tables, count each chair or stack of chairs. Where there are both stacked tables and chairs, count each table only.</p>",How many other street items are there? (street items are objects for people -- see help for more specifics),None,1,2,3,4,5,6,7,8,9,10+
Minn-Irvine,157,amenities,Yes,Street vendors or stalls,some or a lot/few/none,,<p>  ,,,,,,,,,,,,
sell from carts, semi-permanent or permanent stalls, or ,,,,,,,,,,,,,,,,,
directly on the sidewalk; do not count newspaper racks; there ,,,,,,,,,,,,,,,,,,,
"must be a person """"manning"""" the stall </p>  <p><img src=""""[street_vendor.png]""""/></p> """,How many street vendors or stalls are there?,Some or a lot,Few,None,,,,,,,,,,,,,,,
PEDS,26.1,amenities,Yes,Amenities,public garbage cans,,<p>Only public use garbage cans count. Residential garbage cans do not count.</p>,Do you see a public garbage can?,Yes,No,,,,,,,,,
PEDS,26.3,amenities,Yes,Amenities,water fountain,,,Do you see a water fountain?,Yes,No,,,,,,,,,
Minn-Irvine,122,amenities,Yes,Amenities-heat lamps,some or a lot/few/none,,,How many heat lamps are there?,Some or a lot,Few,None,,,,,,,,
Minn-Irvine,124,amenities,Yes,Public restrooms,yes/no,,"<p>are there obvious public restrooms on this segment that are clearly open to the public?</p> <p><img src=""[public_restrooms.png]""/></p>",Are there public restrooms?,Yes,No,,,,,,,,,
PEDS,27,amenities,,Wayfinding aids,yes/no,,"<p>A wayfinding aid is a sign identifying the name of the cross streets. Any sign visible from the segment at the pedestrian level counts as a wayfinding aid, even if it is actually located on another segment.</p><p><img src=""[wayfinding_aid.png]""/></p>",Are there wayfinding aids?  (Note that this includes street signs),Yes,No,,,,,,,,,
MIUDQ,2,nature,,imageability,"2. number of major landscape features (both sides, beyond study area)",,"<p>Prominent natural landscape views like bodies of water, moutain ranges, or man-made features that incorporate the natural environment; serve as natural landmarks for orientation or reference. Parks do not count as major landscape features.</p>",,,,,,,,,,,,
MIUDQ,17,nature,Yes,human scale,"4. number of small planters (your side, within study area)",,"<p>Count all the visible street-level planters on your side of the block and within 10 ft of the sidewalk edge. This includes planters on private and public property but not those inside enclosed parks or gardens.</p><p>Any potted arrangement of trees, shrubs, or flowers that are smaller than 10 ft square at their base. The planter should appear to be permanent (not able to be brought inside at the end of the day) but not in-ground.</p><table><tr><th>2 Planters</th><th>No planters (these are in-ground and permanent)</th></tr><tr><td><img src='[planters_1.png]'/></td><td><img src='[planters_2.png]'/></td></tr></table>",How many small planters are there? (This includes planters outside residences),None,1,2,3,4,5,6,7,8,9,10+
PEDS,2,nature,,Slope,flat/slight hill/steep hill,,"<table><tr><th>Flat: there is no discernable hill walking the segment. </th><th>Slight Hill: there is a slight hill in the segment, but not enough to make walking uphill difficult.</th><th>Steep Hill:  the hill in the segment makes walking or biking it difficult.</th></tr><tr><td><img src=""[slope_flat.png]""/></td><td><img src=""[slope_slight_hill.png]""/></td><td><img src=""[slope_steep_hill.png]""/></td></tr></table>",What is the maximum slope of the segment? (Note: please check the help for the definition of slight hill),Flat,Slight hill,Steep hill,,,,,,,,
PEDS,28,nature,Yes,Trees,number shading walking area none or few/some/many or dense,,"<p>None or Very Few: the path is not shaded by any trees (or only one tree) along the segment.(less than 25% is covered) Some: the path is covered between 25 and 75% of the way. Many/Dense: more than 75% of the path is shaded by trees.</p><p>Note: Assume this question is asking about the shade you'd expect in the middle of the day in the summer.  That is, if you see deciduous trees with no leaves (because the street view imagery was taken in winter), rate the street as though there were leaves.  If there are big trees but they don't shade the path in the image because the image was taken early in the morning, try to guess how much of the path would be shaded around noon.</p><p>Note also: the ""path"" here indicates where you would walk if you were walking down the segment.  For example, for a quite street with no explicit path and dense enough foliage next to the road so that you would actually walk in the street, consider the shade along the side of the street.</p>","How many trees shade the walking area? (This question is about amount of shade, not about number of trees -- see help for more information.)",None or a few,Some,Many or dense,,,,,,,,
Minn-Irvine,163,aesthetics,,Monuments or markers,indicate neighborhood entry yes/no (far end of segment),,,,,,,,,,,,,,
Minn-Irvine,158,aesthetics,,Public art visible,yes/no,,"<p><img src=""[public_art.png]""/></p>",,,,,,,,,,,,
NYC HVS,1,disorder,Yes,Dilapidated exterior walls,"either major cracks in walls OR missing bricks, siding, or other outside wall material (yes/no)",MIUDQ-22==0,,"Do any buildings have either major cracks in walls OR missing bricks, siding, or other outside wall material?",Yes,No,Not applicable - no buildings,,,,,,,,
NYC HVS,2,disorder,Yes,Broken or boarded up windows,yes/no,MIUDQ-22==0,,Do any buildings have broken or boarded up windows?,Yes,No,Not applicable - no buildings,,,,,,,,
Minn-Irvine,128,disorder,Yes,Abandoned buildings/lots,some or a lot/few/none/NA,MIUDQ-22==0,"<p>Choose ""some or a lot"" rather than ""few"" if there are at least 3 abandoned buildings OR at least 50% of buildings on the segment appear abandoned.</p><p><img src=""[abandoned_building.png]""/></p> ",Are there abandoned buildings or lots on this block?,Some or a lot,Few,None,Not applicable,,,,,,,
PHDCN,1,disorder,Yes,Abandoned cars,yes/no,,,Are there abandoned cars?,Yes,No,,,,,,,,,
Minn-Irvine,141,disorder,Yes,Dumpsters visible,some or a lot/little/none,,"<p>Choose ""some or a lot"" rather than ""few"" if there are at least 3 dumpsters visible.</p><table><tr><th>None</th><th>Little</th><th>Some or a lot</th></tr><tr><td><img src=""[no_dumpsters.png]""/></td><td><img src=""[little_dumpsters.png]""/></td><td><img src=""[some_dumpsters.png]""/></td></tr></table> ",Are there dumpsters visible?,Some or a lot,Few,None,,,,,,,,
Minn-Irvine,139,disorder,Yes,Grafitti apparent,some or a lot/little/none (encompasses PHDCN yes/no question),,"<p>Choose ""some or a lot"" rather than ""few"" if there are at least 3 unique graffiti tags OR at least one very prominent, multi-colored graffiti tag.</p><table><tr><th>None</th><th>Some or a lot</th><th>Little</th></tr><tr><td><img src=""[no_graffiti.png]""/></td><td><img src=""[some_graffiti.png]""/></td><td><img src=""[little_graffiti.png]""/></td></tr></table> ",How much graffiti is apparent?,Some or a lot,Little,None,,,,,,,,
PHDCN,2,disorder,Yes,Grafitti painted over,yes/no,,,Is graffiti painted over apparent?,Yes,No,
Minn-Irvine,140,disorder,Yes,Litter apparent,some or a lot/little/none (encompasses PHDCN yes/no question),,"<p>Choose ""few"" rather than ""some or a lot"" of the litter does not appear to be concentrated.  A few empty cups or scraps of paper should be ""little"", where a pile or cluster of trash is ""some or a lot."" </p><table><tr><th>None</th><th>Little</th><th>Some or a Lot</th></tr><tr><td><img src=""[no_litter.png]""/></td><td><img src=""[little_litter.png]""/></td><td><img src=""[some_litter.png]""/></td></tr></table> ",How much litter is apparent?,Some or a lot,Little,None
PHDCN,3,disorder,Yes,empty beer bottles visible in street,yes/no,,,Are empty beer bottles visible in the street?,Yes,No,
Minn-Irvine,138,disorder,Yes,Maintenance of buildings,attractive/neutral/unattractive/NA,MIUDQ-22==0,"<table><tr><th>Poor</th><th>Fair</th><th>Good</th></tr><tr><td><img src=""[unattractive.png]""/></td><td><img src=""[neutral.png]""/></td><td><img src=""[attractive.png]""/></td></tr></table>",Describe the general maintenance of the buildings.,Poor,Fair,Good
PEDS,31,disorder,Yes,Cleanliness,cleanliness and building maintenance poor/fair/good,,"<p>Good: no obvious garbage, Fair: a few wrappers or other litter but nothing really gross, Poor: significant noticeable garbage and/or broken glass.</p>",Describe the overall cleanliness of the street.,Poor,Fair,Good
PHDCN,,disorder,,Needles/syringes on sidewalk,yes/no,,,deleted - not viewable,,,
PHDCN,,disorder,,"cigarettes, cigars on the street",yes/no,,,deleted - not viewable,,,
PHDCN,,disorder,,Condoms on sidewalk,yes/no,,,deleted - not viewable,,,