User,Segment ID,description,start_lat,start_lng,end_lat,end_lng,Meta.1,Meta.1_impediment,Meta.2,Meta.2_impediment,Meta.6,Meta.6_impediment,Meta.7,Meta.7_impediment,PEDS.3,PEDS.3_impediment,Minn-Irvine.9,Minn-Irvine.9_impediment,PEDS.23.2,PEDS.23.2_impediment,Minn-Irvine.2,Minn-Irvine.2_impediment,Minn-Irvine.4,Minn-Irvine.4_impediment,PEDS.23.4,PEDS.23.4_impediment,PEDS.23.3,PEDS.23.3_impediment,Minn-Irvine.8,Minn-Irvine.8_impediment,Minn-Irvine.21,Minn-Irvine.21_impediment,PEDS.14,PEDS.14_impediment,Minn-Irvine.151,Minn-Irvine.151_impediment,PEDS.19,PEDS.19_impediment,Minn-Irvine.108,Minn-Irvine.108_impediment,Minn-Irvine.123,Minn-Irvine.123_impediment,PEDS.24.1,PEDS.24.1_impediment,PEDS.4.1,PEDS.4.1_impediment,PEDS.12,PEDS.12_impediment,PEDS.6,PEDS.6_impediment,PEDS.9,PEDS.9_impediment,PEDS.8.2,PEDS.8.2_impediment,PEDS.35,PEDS.35_impediment,Minn-Irvine.159,Minn-Irvine.159_impediment,Streetview.3,Streetview.3_impediment,Streetview.4,Streetview.4_impediment,Streetview.5,Streetview.5_impediment,Streetview.6,Streetview.6_impediment,Streetview.7,Streetview.7_impediment,Minn-Irvine.178,Minn-Irvine.178_impediment,CCAHS.2,CCAHS.2_impediment,CCAHS.4,CCAHS.4_impediment,CCAHS.5,CCAHS.5_impediment,CCAHS.8,CCAHS.8_impediment,CCAHS.9,CCAHS.9_impediment,PEDS.1.4,PEDS.1.4_impediment,PEDS.1.5,PEDS.1.5_impediment,PEDS.1.6,PEDS.1.6_impediment,PEDS.1.7,PEDS.1.7_impediment,PEDS.1.8,PEDS.1.8_impediment,Minn-Irvine.33,Minn-Irvine.33_impediment,Minn-Irvine.34,Minn-Irvine.34_impediment,Minn-Irvine.127,Minn-Irvine.127_impediment,Minn-Irvine.132,Minn-Irvine.132_impediment,MIUDQ.10,MIUDQ.10_impediment,PEDS.33,PEDS.33_impediment,Minn-Irvine.130,Minn-Irvine.130_impediment,Minn-Irvine.22,Minn-Irvine.22_impediment,Minn-Irvine.17,Minn-Irvine.17_impediment,Minn-Irvine.119,Minn-Irvine.119_impediment,Minn-Irvine.120,Minn-Irvine.120_impediment,MIUDQ.18,MIUDQ.18_impediment,PEDS.26.1,PEDS.26.1_impediment,PEDS.2,PEDS.2_impediment,PEDS.28,PEDS.28_impediment,PHDCN.1,PHDCN.1_impediment,PHDCN.2,PHDCN.2_impediment,PHDCN.3,PHDCN.3_impediment,PHDCN.4,PHDCN.4_impediment,PHDCN.5,PHDCN.5_impediment,PHDCN.6,PHDCN.6_impediment,PHDCN.7,PHDCN.7_impediment
2,8,"   2519 Brockton Drive, Austin, Texas",30.392745,-97.719976,30.393794,-97.71734,40,,0,,1,,0,,0,,4,,1,,2,,-2,,1,,1,,3,,3,,2,,0,,0,,0,,1,,1,,3,,-2,,-2,,-2,,-2,,3,,0,,1,,1,,1,,1,,0,,1,,1,,1,,1,,1,,1,,0,,0,,1,,1,,1,,1,,1,,2,,0,,0,,2,,1,,1,,1,,1,,1,,1,,1,,0,,0,,1,,1,,1,,1,,0,,1,,1,
3,9,"    422 President Clinton Avenue, Little Rock, Arkansas",34.747396,-92.265546,34.747607,-92.266713,10,,4,,0,,0,,1,,1,,1,,0,,2,,0,,1,,0,,1,,2,,0,,1,,0,,1,,1,,1,,0,,0,,1,,0,,3,,1,,-2,,-2,,-2,,-2,,-2,,1,,1,,1,,1,,1,,1,,1,,0,,1,,1,,1,,1,,1,,2,,1,,90,,0,,1,,0,,1,,0,,0,,0,,0,,0,,0,,0,,1,,1,,1,,0,,1,,1,
3,10,"South Spring Street / West Markham Street, Little Rock, Arkansas",34.748577,-92.273902,34.748836,-92.275092,9,,0,,0,,0,,0,,4,,1,,0,,2,,1,,1,,0,,3,,2,,2,,1,,0,,1,,1,,1,,0,,0,,0,,1,,3,,1,,-2,,-2,,-2,,-2,,-2,,1,,1,,1,,1,,1,,1,,0,,1,,1,,1,,1,,1,,0,,0,,1,,0,,2,,1,,1,,1,,1,,0,,0,,0,,0,,0,,1,,1,,1,,1,,1,,1,,1,
3,11,"Charlotte, North Carolina",35.219792,-80.846167,35.220755,-80.848097,19,,0,,1,,0,,1,,4,,0,,1,,4,,1,,0,,0,,1,,1,,2,,0,,0,,1,,1,,3,,-2,,-2,,-2,,-2,,3,,1,,-2,,-2,,-2,,-2,,-2,,1,,0,,1,,1,,1,,1,,0,,1,,0,,1,,1,,1,,1,,0,,1,,0,,2,,1,,0,,1,,1,,1,,1,,1,,0,,0,,0,,1,,1,,1,,0,,1,,1,
2,12,"    785 North Milwaukee Avenue, Chicago, Illinois",41.896264,-87.655486,41.895958,-87.655012,5,,1,,1,,0,,1,,0,,0,,0,,0,,1,,1,,-1,,4,,2,,2,,1,,0,,1,,1,,1,,0,,0,,0,,1,,3,,0,,1,,1,,1,,0,,0,,1,,1,,1,,1,,1,,0,,0,,0,,1,,1,,1,,1,,0,,1,,1,,80,,0,,1,,0,,1,,1,,1,,1,,1,,0,,0,,1,,1,,1,,1,,1,,1,,1,
3,13,"South Dearborn Street / West Monroe Street, Chicago, Illinois",41.880744,-87.629395,41.880732,-87.630843,12,,0,,1,,0,,1,,0,,0,,0,,2,,1,,1,,0,,1,,1,,2,,1,,0,,0,,1,,1,,0,,0,,0,,0,,3,,1,,-2,,-2,,-2,,-2,,-2,,1,,1,,1,,1,,1,,1,,0,,0,,1,,1,,1,,1,,1,,2,,1,,0,,2,,1,,1,,1,,1,,0,,0,,0,,0,,1,,1,,1,,1,,1,,0,,1,,1,
2,14,"   4642 North Western Avenue, Chicago, Illinois",41.965724,-87.688873,41.966516,-87.688924,10,,0,,1,,0,,1,,0,,1,,0,,0,,1,,1,,0,,4,,2,,0,,1,,0,,0,,1,,1,,0,,0,,0,,1,,0,,1,,-2,,-2,,-2,,-2,,-2,,1,,1,,1,,1,,1,,0,,0,,0,,1,,1,,1,,1,,0,,2,,1,,20,,2,,1,,1,,1,,1,,0,,0,,0,,0,,0,,0,,1,,1,,1,,1,,1,,1,
3,15,"West Lake Street, Chicago, Illinois",41.884186,-87.696368,41.884219,-87.695179,9,,0,,0,,0,,1,,4,,0,,0,,0,,1,,1,,0,,1,,2,,0,,1,,0,,1,,1,,1,,0,,1,,0,,1,,3,,1,,-2,,-2,,-2,,-2,,-2,,1,,1,,0,,0,,1,,0,,0,,0,,1,,0,,1,,1,,1,,2,,1,,50,,1,,1,,1,,1,,1,,1,,1,,1,,0,,0,,0,,1,,1,,1,,2,,1,,1,
3,16,"    318 East Garfield Boulevard, Chicago, Illinois",41.794795,-87.617585,41.794765,-87.61924,14,,1,,1,,0,,0,,4,,1,,1,,0,,1,,1,,0,,2,,2,,0,,2,,0,,0,,1,,1,,0,,0,,0,,1,,2,,0,,1,,0,,1,,1,,1,,0,,1,,1,,1,,1,,1,,1,,1,,1,,1,,1,,1,,1,,3,,1,,0,,3,,1,,1,,1,,1,,1,,1,,0,,0,,0,,0,,1,,1,,1,,4,,1,,1,
2,17,"South Indiana Avenue, Chicago, Illinois",41.820148,-87.62148,41.822037,-87.621548,20,,3,,1,,0,,1,,0,,0,,0,,0,,1,,1,,0,,2,,2,,0,,1,,0,,1,,1,,1,,0,,0,,0,,0,,2,,1,,-2,,-2,,-2,,-2,,-2,,1,,1,,1,,0,,0,,1,,1,,1,,1,,0,,1,,1,,0,,2,,0,,15,,1,,1,,1,,1,,1,,1,,1,,1,,0,,1,,0,,1,,1,,1,,1,,1,,1,
2,18,"   2973 South Ashland Avenue, Chicago, Illinois",41.837773,-87.665724,41.8436036358,-87.665842209,43,,0,,1,,0,,1,,0,,0,,0,,0,,1,,1,,0,,4,,2,,0,,1,,0,,1,,1,,1,,0,,0,,0,,0,,1,,0,,1,,1,,1,,0,,1,,1,,1,,1,,1,,1,,1,,1,,1,,0,,1,,0,,0,,1,,1,,1,,15,,0,,1,,0,,1,,1,,0,,0,,0,,0,,1,,0,,1,,0,,1,,2,,1,,0,
3,19,"Interstate 94 Express, Chicago, Illinois",41.776431,-87.627545,41.776431,-87.625235,14,,0,,0,,0,,5,,4,,1,,2,,-2,,1,,1,,0,,1,,1,,2,,1,,0,,1,,1,,1,,0,,0,,1,,0,,3,,1,,-2,,-2,,-2,,-2,,-2,,1,,1,,1,,1,,1,,1,,1,,0,,1,,0,,1,,1,,1,,2,,1,,0,,2,,1,,1,,1,,1,,1,,1,,1,,0,,0,,0,,1,,1,,1,,1,,1,,1,
2,20,"   1114 West Berwyn Avenue, Chicago, Illinois",41.978149,-87.659973,41.978183,-87.657882,17,,5,,0,,0,,1,,0,,0,,0,,0,,1,,1,,0,,1,,2,,0,,1,,0,,0,,1,,1,,0,,0,,0,,0,,2,,0,,1,,1,,1,,0,,1,,1,,1,,1,,1,,1,,0,,1,,0,,1,,1,,1,,1,,1,,2,,1,,80,,0,,1,,0,,1,,1,,0,,1,,0,,0,,1,,0,,1,,1,,1,,1,,1,,1,
2,21,"   1523 West Jarvis Avenue, Chicago, Illinois",42.015989,-87.670271,42.016046,-87.668122,16,,0,,0,,0,,1,,4,,1,,1,,0,,1,,1,,0,,0,,1,,0,,1,,0,,0,,1,,1,,0,,0,,0,,0,,-1,3,1,,-2,,-2,,-2,,-2,,-2,,1,,1,,0,,1,,1,,0,,1,,0,,1,,1,,1,,1,,1,,1,,0,,90,,0,,0,,1,,1,,1,,1,,1,,0,,0,,1,,0,,1,,0,,1,,1,,1,,1,
2,22,"Exposition Avenue / Parry Avenue, Dallas, Texas",32.782634,-96.768113,32.782116,-96.766157,20,,0,,1,,0,,0,,4,,1,,1,,4,,1,,1,,0,,2,,2,,0,,1,,0,,0,,1,,1,,0,,0,,0,,0,,2,,1,,-2,,-2,,-2,,-2,,-2,,1,,1,,1,,1,,1,,0,,1,,0,,1,,1,,1,,1,,0,,2,,1,,60,,0,,1,,1,,1,,0,,0,,0,,0,,0,,1,,1,,1,,1,,1,,1,,1,,1,
2,23,"   3289 Forest Lane, Garland, Texas",32.909312,-96.678958,32.909289,-96.680043,11,,0,,1,,0,,0,,4,,1,,2,,-2,,1,,0,,0,,5,,1,,2,,0,,0,,1,,1,,1,,0,,0,,1,,1,,-1,1,1,,-2,,-2,,-2,,-2,,-2,,1,,1,,0,,1,,1,,1,,1,,0,,1,,1,,1,,1,,1,,2,,1,,0,,2,,1,,1,,1,,1,,1,,1,,1,,0,,0,,0,,1,,1,,1,,2,,1,,1,
2,24,"East Clarendon Drive, Dallas, Texas",32.741785,-96.812721,32.740091,-96.814067,19,,0,,1,,0,,1,,0,,0,,0,,0,,1,,1,,0,,3,,2,,2,,2,,0,,1,,1,,1,,0,,0,,0,,1,,3,,1,,-2,,-2,,-2,,-2,,-2,,1,,1,,1,,1,,1,,1,,1,,1,,1,,1,,0,,0,,1,,3,,1,,0,,3,,2,,1,,0,,1,,1,,1,,1,,0,,0,,0,,1,,1,,1,,4,,1,,1,
3,25,"   3139 McKinney Avenue, Dallas, Texas",32.801883,-96.800969,32.802994,-96.800232,13,,1,,1,,0,,0,,4,,1,,2,,-2,,1,,1,,0,,1,,1,,0,,0,,0,,1,,1,,1,,0,,0,,0,,1,,3,,1,,-2,,-2,,-2,,-2,,-2,,0,,0,,1,,1,,1,,1,,1,,0,,1,,1,,1,,1,,1,,2,,1,,0,,2,,1,,0,,1,,1,,1,,1,,0,,0,,1,,0,,1,,1,,1,,1,,1,,1,
2,26,"   2788 McKinney Avenue, Dallas, Texas",32.798505,-96.801168,32.797409,-96.80141,12,,0,,1,,0,,0,,4,,1,,1,,4,,1,,1,,0,,2,,2,,2,,0,,0,,1,,1,,1,,0,,0,,0,,0,,3,,1,,-2,,-2,,-2,,-2,,-2,,1,,1,,1,,1,,1,,1,,0,,0,,1,,1,,1,,1,,1,,2,,1,,10,,1,,1,,0,,1,,1,,0,,1,,1,,0,,1,,0,,1,,1,,1,,1,,1,,1,
3,27,"Interstate 30, Fort Worth, Texas",32.747501,-97.328515,32.746746,-97.328592,6,,0,,0,,0,,0,,4,,1,,2,,-2,,1,,1,,0,,1,,1,,2,,2,,0,,1,,1,,1,,0,,2,,0,,1,,3,,0,,1,,1,,1,,1,,0,,0,,1,,1,,1,,1,,1,,1,,1,,1,,1,,1,,1,,1,,3,,1,,0,,3,,2,,1,,1,,1,,1,,1,,1,,0,,0,,0,,1,,1,,1,,4,,1,,1,
3,28,"    811 East City Hall Avenue, Norfolk, Virginia",36.846822,-76.285384,36.846014,-76.283216,19,,0,,0,,0,,1,,4,,1,,0,,0,,0,,0,,0,,2,,2,,2,,0,,0,,1,,1,,1,,0,,1,,0,,1,,3,,1,,-2,,-2,,-2,,-2,,-2,,1,,1,,1,,1,,1,,1,,0,,1,,1,,1,,1,,1,,1,,0,,1,,0,,2,,1,,0,,1,,1,,1,,1,,1,,1,,1,,0,,1,,1,,1,,1,,1,,1,
2,29,"    176 Park Avenue, Norfolk, Virginia",36.844187,-76.276155,36.842467,-76.281224,50,,0,,0,,0,,0,,4,,1,,1,,0,,1,,1,,3,,1,,2,,2,,2,,0,,1,,1,,3,,-2,,-2,,-2,,-2,,3,,1,,-2,,-2,,-2,,-2,,-2,,1,,1,,1,,1,,1,,1,,1,,1,,1,,1,,1,,1,,0,,3,,1,,0,,3,,1,,1,,1,,1,,1,,1,,1,,0,,0,,1,,1,,1,,1,,4,,1,,1,
3,30,"   5522 Curlew Drive, Norfolk, Virginia",36.841623,-76.214728,36.841555,-76.210755,33,,0,,0,,0,,1,,4,,1,,1,,2,,1,,1,,3,,1,,1,,2,,2,,0,,1,,1,,3,,-2,,-2,,-2,,-2,,2,,1,,-2,,-2,,-2,,-2,,-2,,0,,1,,1,,1,,1,,1,,1,,1,,1,,1,,1,,1,,1,,3,,1,,0,,3,,2,,1,,1,,1,,1,,1,,1,,0,,0,,0,,1,,1,,1,,4,,1,,1,
2,31,"    930 Mary Street, Jacksonville, Florida",30.318488,-81.661517,30.318498,-81.659087,28,,0,,1,,0,,0,,4,,1,,2,,-2,,1,,0,,1,,2,,2,,2,,1,,0,,1,,1,,1,,1,,0,,0,,0,,3,,1,,-2,,-2,,-2,,-2,,-2,,1,,1,,1,,1,,1,,1,,0,,1,,1,,1,,1,,1,,1,,0,,1,,0,,1,,1,,0,,1,,0,,1,,1,,1,,0,,1,,1,,1,,1,,1,,0,,1,,1,
2,32,"     39 192nd Street, New York",40.761052,-73.789864,40.761871,-73.789977,8,,0,,0,,0,,1,,4,,1,,2,,-2,,1,,1,,0,,1,,1,,0,,1,,0,,1,,1,,1,,0,,0,,0,,0,,3,,1,,-2,,-2,,-2,,-2,,-2,,0,,1,,0,,1,,1,,1,,1,,0,,1,,1,,1,,1,,1,,2,,1,,40,,0,,1,,1,,1,,1,,1,,1,,1,,0,,1,,0,,1,,1,,1,,1,,1,,1,
3,33,"     33 234th Street, New York",40.768342,-73.750129,40.768943,-73.750725,7,,2,,0,,0,,0,,1,,1,,1,,0,,1,,1,,0,,1,,1,,0,,0,,0,,1,,1,,1,,0,,0,,0,,0,,3,,1,,-2,,-2,,-2,,-2,,-2,,0,,1,,1,,1,,1,,1,,0,,0,,1,,1,,1,,0,,1,,0,,1,,0,,2,,1,,1,,1,,1,,1,,1,,1,,0,,1,,0,,1,,1,,1,,1,,1,,1,
2,34,"4th Avenue / Flatbush Avenue, New York",40.684865,-73.977941,40.68682,-73.978208,18,,0,,1,,0,,1,,0,,0,,0,,2,,1,,0,,0,,1,,2,,0,,1,,0,,1,,1,,1,,0,,0,,0,,1,,3,,1,,-2,,-2,,-2,,-2,,-2,,0,,1,,1,,1,,1,,1,,0,,1,,1,,1,,1,,1,,1,,0,,0,,100,,0,,1,,0,,0,,1,,1,,1,,0,,0,,0,,0,,1,,0,,1,,1,,1,,1,
3,35,"Andrew Young International Boulevard Northwest, Atlanta, Georgia",33.759098,-84.394399,33.758165,-84.397248,18,,0,,1,,0,,1,,0,,0,,0,,2,,1,,0,,0,,3,,2,,2,,1,,0,,1,,1,,1,,0,,1,,0,,0,,3,,1,,-2,,-2,,-2,,-2,,-2,,1,,0,,1,,1,,1,,1,,0,,1,,1,,1,,1,,1,,1,,0,,1,,30,,1,,1,,0,,1,,1,,1,,1,,0,,1,,1,,0,,1,,1,,1,,0,,1,,1,
2,36,"Carroll Creek Linear Park / Maryland 475, Frederick, Maryland",39.411608,-77.405988,39.413851,-77.405382,19,,0,,0,,0,,0,,4,,1,,1,,0,,1,,1,,1,,3,,2,,2,,0,,0,,1,,1,,1,,0,,0,,0,,1,,0,,1,,-2,,-2,,-2,,-2,,-2,,1,,1,,1,,1,,1,,1,,0,,1,,0,,0,,0,,0,,1,,2,,0,,0,,2,,1,,1,,1,,1,,0,,0,,1,,0,,0,,1,,1,,1,,1,,1,,1,,1,
2,37,"Interstate 395, Baltimore, Maryland",39.281883,-76.619856,39.284074,-76.619283,28,,0,,1,,0,,0,,1,,1,,1,,0,,1,,1,,0,,1,,1,,0,,2,,0,,0,,1,,1,,0,,0,,0,,1,,3,,1,,-2,,-2,,-2,,-2,,-2,,1,,1,,1,,1,,1,,1,,0,,1,,1,,1,,1,,1,,1,,3,,1,,0,,3,,1,,0,,1,,0,,1,,0,,0,,0,,0,,1,,1,,1,,1,,4,,1,,1,
3,38,"     86 West Baltimore Street, Baltimore, Maryland",39.28958,-76.615148,39.289391,-76.617789,20,,0,,1,,0,,1,,0,,0,,0,,2,,0,,1,,0,,3,,2,,0,,1,,0,,1,,1,,1,,0,,0,,0,,0,,3,,1,,-2,,-2,,-2,,-2,,-2,,1,,1,,1,,1,,1,,1,,0,,0,,1,,1,,1,,1,,1,,0,,1,,75,,0,,1,,0,,1,,1,,1,,0,,0,,0,,0,,0,,1,,1,,1,,0,,1,,1,
3,39,"    685 North Broadway, Baltimore, Maryland",39.296203,-76.594004,39.298378,-76.594125,24,,1,,1,,0,,1,,4,,1,,0,,0,,0,,0,,0,,1,,1,,2,,1,,0,,1,,1,,1,,0,,0,,0,,0,,3,,1,,-2,,-2,,-2,,-2,,-2,,0,,1,,1,,1,,1,,1,,0,,1,,1,,1,,1,,1,,1,,0,,1,,0,,2,,1,,0,,1,,1,,1,,1,,0,,0,,1,,1,,1,,1,,1,,0,,1,,1,
3,40,"West Preston Street, Baltimore, Maryland",39.301421,-76.623246,39.302208,-76.622136,13,,0,,1,,0,,1,,0,,1,,0,,0,,1,,0,,0,,1,,1,,2,,1,,0,,1,,1,,1,,0,,0,,0,,0,,2,,1,,-2,,-2,,-2,,-2,,-2,,1,,1,,1,,1,,1,,1,,0,,1,,1,,1,,1,,1,,1,,0,,1,,75,,1,,1,,1,,1,,1,,1,,1,,0,,0,,0,,0,,1,,1,,1,,1,,1,,1,
2,41,"Jones Falls Expressway, Baltimore, Maryland",39.309337,-76.622761,39.309812,-76.622268,6,,0,,1,,0,,0,,1,,1,,2,,-2,,1,,1,,0,,1,,2,,2,,1,,0,,1,,1,,1,,0,,0,,0,,1,,3,,1,,-2,,-2,,-2,,-2,,-2,,0,,1,,1,,1,,1,,1,,0,,1,,1,,1,,1,,1,,1,,1,,1,,50,,0,,1,,1,,1,,1,,0,,1,,1,,0,,0,,1,,1,,1,,1,,0,,1,,1,
3,41,"Jones Falls Expressway, Baltimore, Maryland",39.309337,-76.622761,39.309812,-76.622268,,,,,,,,,,,,,,,,,,,,,,,,,,,,,,,,,,,,,,,,,,,,,,,,,,,,,,,,,,,,,,,,,,,,,,,,,,,,,,,,,,,,,,,,,,,,,,,,,,,,,,,,,,,,,,,,,,,,,,,,,,,,,,,,
3,42,"    890 Madison Avenue, Memphis, Tennessee",35.140192,-90.029657,35.140344,-90.031258,13,,0,,0,,0,,1,,4,,1,,1,,0,,1,,1,,0,,2,,1,,2,,1,,0,,1,,1,,1,,0,,1,,0,,1,,3,,1,,-2,,-2,,-2,,-2,,-2,,1,,1,,1,,1,,1,,1,,0,,1,,1,,1,,1,,1,,1,,0,,1,,0,,2,,1,,1,,1,,1,,1,,1,,1,,0,,0,,0,,1,,1,,1,,0,,1,,1,
2,43,"South Main Street / Union Avenue, Memphis, Tennessee",35.143576,-90.054888,35.142871,-90.052306,23,,0,,0,,0,,1,,0,,0,,0,,0,,1,,1,,-1,,2,,2,,0,,1,,0,,1,,1,,1,,0,,0,,0,,0,,3,,1,,-2,,-2,,-2,,-2,,-2,,1,,1,,1,,1,,1,,0,,1,,0,,1,,1,,1,,1,,1,,1,,1,,100,,0,,1,,1,,0,,1,,1,,0,,0,,0,,0,,1,,1,,1,,1,,1,,1,,1,
3,44,"South Street, Waltham, Massachusetts",42.361672,-71.260929,42.362665,-71.260114,12,,0,,0,,0,,0,,4,,1,,1,,2,,1,,1,,0,,1,,1,,2,,2,,0,,1,,1,,1,,0,,1,,0,,1,,3,,1,,-2,,-2,,-2,,-2,,-2,,1,,1,,1,,1,,1,,1,,1,,1,,1,,1,,1,,1,,1,,3,,1,,0,,3,,2,,1,,1,,1,,1,,1,,1,,1,,0,,1,,1,,1,,1,,4,,1,,1,
2,45,"    111 Moody Street, Waltham, Massachusetts",42.37455,-71.236625,42.371733,-71.236842,29,,0,,0,,0,,1,,0,,0,,0,,2,,1,,1,,0,,3,,2,,0,,1,,0,,1,,1,,1,,0,,0,,0,,0,,3,,1,,-2,,-2,,-2,,-2,,-2,,1,,1,,1,,1,,1,,0,,0,,0,,1,,1,,1,,1,,1,,1,,1,,80,,0,,1,,0,,1,,1,,1,,1,,1,,0,,1,,0,,1,,1,,1,,0,,1,,1,
2,46,"Interstate 90, Newton, Massachusetts",42.346082,-71.250427,42.345895,-71.251103,6,,0,,0,,0,,0,,4,,1,,2,,-2,,1,,1,,1,,1,,2,,2,,1,,0,,1,,1,,1,,0,,0,,1,,1,,3,,1,,-2,,-2,,-2,,-2,,-2,,0,,1,,1,,0,,1,,1,,1,,1,,1,,0,,1,,1,,1,,2,,1,,40,,0,,1,,1,,1,,1,,1,,1,,1,,0,,0,,1,,1,,1,,1,,1,,1,,1,
3,46,"Interstate 90, Newton, Massachusetts",42.346082,-71.250427,42.345895,-71.251103,,,,,,,,,,,,,,,,,,,,,,,,,,,,,,,,,,,,,,,,,,,,,,,,,,,,,,,,,,,,,,,,,,,,,,,,,,,,,,,,,,,,,,,,,,,,,,,,,,,,,,,,,,,,,,,,,,,,,,,,,,,,,,,,
3,47,"    597 U.S. 20, Boston, Massachusetts",42.349361,-71.100558,42.349078,-71.098055,19,,6,,1,,0,,1,,0,,0,,1,,2,,1,,0,,0,,1,,2,,0,,1,,1,,1,,1,,1,,0,,0,,0,,0,,0,,1,,-2,,-2,,-2,,-2,,-2,,1,,0,,1,,1,,1,,1,,1,,0,,1,,0,,1,,1,,0,,0,,1,,70,,1,,1,,0,,1,,1,,0,,0,,0,,0,,0,,0,,1,,1,,1,,0,,1,,1,
3,48,"Tremont Street, Boston, Massachusetts",42.352386,-71.064561,42.353426,-71.064242,11,,2,,1,,0,,1,,0,,0,,0,,2,,1,,1,,0,,3,,1,,2,,1,,0,,1,,1,,1,,0,,1,,0,,1,,2,,1,,-2,,-2,,-2,,-2,,-2,,1,,1,,1,,1,,1,,1,,0,,0,,1,,1,,1,,1,,1,,0,,1,,80,,0,,1,,0,,1,,1,,1,,1,,0,,0,,0,,0,,1,,1,,1,,0,,1,,1,
2,49,"Massachusetts 30, Boston, Massachusetts",42.338087,-71.153051,42.33885,-71.152408,10,,0,,1,,0,,1,,0,,0,,0,,3,,1,,1,,0,,5,,0,,0,,1,,0,,1,,1,,1,,0,,0,,0,,0,,3,,1,,-2,,-2,,-2,,-2,,-2,,1,,0,,0,,0,,1,,1,,1,,1,,1,,1,,1,,1,,1,,1,,1,,0,,2,,1,,1,,1,,1,,0,,1,,1,,0,,1,,1,,1,,1,,1,,1,,1,,1,
2,50,"Massachusetts 30, Boston, Massachusetts",42.340907,-71.150354,42.340326,-71.151239,8,,0,,1,,0,,1,,0,,0,,1,,2,,1,,0,,0,,4,,0,,0,,1,,0,,1,,1,,1,,0,,1,,1,,1,,3,,1,,-2,,-2,,-2,,-2,,-2,,1,,1,,1,,0,,1,,1,,1,,0,,1,,1,,1,,1,,1,,2,,1,,0,,2,,1,,1,,1,,1,,0,,1,,0,,0,,1,,0,,1,,1,,1,,1,,1,,1,
3,51,"     25 South Huntington Avenue, Boston, Massachusetts",42.330784,-71.111596,42.331969,-71.111987,12,,5,,1,,0,,0,,4,,1,,2,,-2,,1,,1,,0,,1,,1,,0,,1,,0,,1,,1,,1,,0,,1,,0,,0,,2,,1,,-2,,-2,,-2,,-2,,-2,,1,,1,,0,,1,,1,,0,,1,,0,,1,,1,,1,,1,,1,,1,,1,,100,,0,,0,,0,,1,,1,,1,,1,,0,,0,,0,,0,,1,,1,,1,,1,,1,,1,
2,52,"Corey Street / Hastings Street, Boston, Massachusetts",42.284839,-71.154697,42.285674,-71.155842,11,,0,,0,,0,,0,,4,,1,,2,,-2,,1,,1,,0,,0,,0,,0,,1,,0,,1,,1,,1,,0,,0,,0,,0,,3,,1,,-2,,-2,,-2,,-2,,-2,,0,,1,,0,,0,,1,,1,,1,,0,,1,,1,,1,,1,,1,,1,,0,,15,,1,,1,,1,,1,,1,,1,,1,,1,,0,,0,,0,,1,,1,,1,,1,,1,,1,
2,53,"Belgrade Avenue / South Street, Boston, Massachusetts",42.287075,-71.130044,42.287002,-71.12909,10,,0,,0,,0,,0,,4,,1,,1,,2,,1,,1,,0,,1,,0,,0,,1,,0,,1,,1,,1,,0,,0,,0,,0,,3,,1,,-2,,-2,,-2,,-2,,-2,,1,,1,,1,,1,,1,,0,,1,,0,,1,,1,,1,,1,,1,,1,,1,,100,,0,,1,,1,,1,,1,,0,,0,,0,,0,,0,,1,,1,,1,,1,,0,,1,,1,
2,54,"     94 U.S. 1, Providence, Rhode Island",41.829155,-71.414851,41.831421,-71.412773,20,,0,,0,,0,,0,,0,,1,,0,,4,,1,,1,,0,,1,,2,,0,,1,,0,,1,,1,,1,,0,,0,,0,,1,,3,,1,,-2,,-2,,-2,,-2,,-2,,1,,1,,1,,1,,1,,1,,0,,1,,1,,1,,0,,0,,1,,2,,1,,0,,2,,1,,0,,1,,1,,0,,1,,0,,0,,0,,0,,1,,1,,1,,0,,1,,1,
3,55,"    134 Thomas Burgin Parkway, Quincy, Massachusetts",42.253088,-71.006825,42.251266,-71.005547,20,,0,,0,,0,,1,,0,,1,,0,,2,,1,,1,,0,,3,,2,,2,,1,,0,,1,,1,,1,,0,,2,,0,,1,,3,,1,,-2,,-2,,-2,,-2,,-2,,1,,1,,1,,0,,1,,1,,1,,1,,1,,1,,1,,1,,1,,2,,1,,0,,2,,1,,1,,1,,1,,1,,1,,1,,0,,0,,0,,1,,1,,1,,2,,1,,1,
2,56,"Tremont Street / Winter Street, Boston, Massachusetts",42.356483,-71.062019,42.35563,-71.062917,12,,0,,1,,0,,0,,0,,0,,1,,0,,1,,1,,0,,1,,1,,0,,2,,0,,0,,1,,1,,0,,0,,0,,1,,2,,1,,-2,,-2,,-2,,-2,,-2,,1,,1,,1,,1,,1,,1,,1,,1,,1,,1,,0,,0,,1,,3,,1,,0,,3,,2,,0,,0,,0,,0,,1,,0,,1,,0,,0,,1,,1,,1,,4,,1,,1,
3,57,"    469 East 111th Street, Chicago, Illinois",41.692845,-87.609813,41.692751,-87.611299,10,,0,,0,,0,,1,,0,,0,,0,,0,,1,,1,,0,,3,,1,,0,,1,,0,,1,,1,,1,,0,,1,,1,,1,,3,,1,,-2,,-2,,-2,,-2,,-2,,1,,1,,1,,1,,1,,1,,1,,1,,1,,0,,1,,1,,1,,3,,1,,0,,3,,1,,1,,1,,1,,1,,1,,1,,0,,0,,0,,1,,1,,1,,4,,1,,1,
3,58,"    892 East 91st Street, Chicago, Illinois",41.729419,-87.60099,41.729373,-87.602836,13,,0,,1,,0,,1,,4,,1,,0,,0,,1,,1,,0,,1,,2,,2,,2,,0,,1,,1,,1,,0,,1,,1,,0,,3,,1,,-2,,-2,,-2,,-2,,-2,,1,,1,,1,,1,,1,,1,,1,,1,,1,,0,,1,,1,,1,,3,,1,,0,,3,,2,,1,,1,,1,,1,,1,,1,,0,,0,,0,,1,,1,,1,,4,,1,,1,
3,59,"   1955 East 71st Street, Chicago, Illinois",41.766061,-87.576841,41.766061,-87.576531,3,,0,,1,,0,,4,,4,,1,,3,,6,,1,,1,,1,,1,,1,,0,,1,,0,,0,,1,,1,,0,,1,,0,,1,,3,,1,,-2,,-2,,-2,,-2,,-2,,1,,1,,1,,1,,1,,0,,0,,0,,1,,1,,1,,1,,1,,1,,1,,100,,0,,1,,1,,1,,1,,1,,1,,0,,0,,0,,0,,1,,1,,1,,1,,1,,1,
2,60,"   3784 North Milwaukee Avenue, Chicago, Illinois",41.94907,-87.740192,41.94886,-87.739855,4,,0,,1,,0,,0,,4,,1,,1,,0,,1,,1,,1,,1,,0,,0,,1,,0,,0,,1,,1,,0,,0,,0,,1,,2,,0,,1,,1,,1,,1,,0,,1,,1,,1,,1,,1,,1,,1,,1,,1,,1,,1,,1,,0,,3,,1,,0,,3,,2,,0,,1,,1,,1,,1,,1,,0,,0,,0,,1,,0,,1,,4,,1,,1,
3,61,"   4025 West Fullerton Avenue, Chicago, Illinois",41.924498,-87.727962,41.924503,-87.726758,10,,0,,1,,0,,0,,4,,1,,1,,0,,1,,1,,0,,3,,1,,0,,1,,0,,1,,1,,1,,0,,1,,0,,0,,3,,0,,1,,0,,1,,1,,1,,1,,1,,1,,1,,1,,0,,1,,0,,1,,1,,1,,1,,1,,1,,1,,100,,0,,1,,1,,1,,1,,1,,1,,0,,0,,0,,0,,1,,1,,1,,1,,1,,1,
2,62,"North Parkside Avenue / West Armitage Avenue, Chicago, Illinois",41.916877,-87.766922,41.916902,-87.766024,6,,0,,0,,0,,0,,4,,1,,2,,-2,,1,,1,,0,,0,,2,,0,,1,,0,,1,,1,,1,,0,,0,,0,,1,,3,,1,,-2,,-2,,-2,,-2,,-2,,0,,1,,1,,1,,1,,1,,0,,1,,1,,1,,1,,1,,0,,2,,1,,0,,1,,1,,1,,1,,1,,1,,1,,1,,0,,0,,0,,1,,1,,1,,0,,1,,1,
2,63,"   2230 North Nordica Avenue, Chicago, Illinois",41.921105,-87.802484,41.919888,-87.802453,10,,0,,0,,0,,1,,1,,1,,1,,0,,1,,1,,0,,0,,2,,0,,1,,0,,1,,1,,1,,0,,0,,1,,0,,3,,1,,-2,,-2,,-2,,-2,,-2,,0,,1,,1,,0,,1,,1,,0,,1,,1,,0,,1,,1,,1,,2,,1,,0,,2,,1,,1,,1,,1,,0,,1,,1,,0,,1,,1,,1,,1,,1,,1,,1,,1,
2,64,"Interstate 90, Chicago, Illinois",41.982896,-87.782198,41.980578,-87.77808,37,,0,,0,,0,,1,,0,,0,,0,,0,,1,,1,,0,,2,,1,,0,,1,,0,,1,,1,,1,,0,,0,,0,,1,,3,,0,,-1,3,-1,3,-1,3,-1,3,-1,3,1,,1,,1,,1,,1,,1,,0,,0,,0,,1,,1,,1,,1,,2,,1,,50,,1,,1,,1,,1,,1,,1,,1,,1,,0,,0,,0,,1,,0,,1,,2,,1,,1,
2,65,"North Avondale Avenue, Chicago, Illinois",41.991842,-87.7998,41.991257,-87.798783,9,,0,,0,,0,,1,,4,,1,,1,,2,,1,,1,,0,,1,,2,,0,,2,,0,,1,,1,,1,,0,,0,,0,,1,,3,,1,,-2,,-2,,-2,,-2,,-2,,0,,1,,1,,1,,1,,1,,1,,1,,1,,1,,0,,0,,1,,3,,1,,0,,3,,2,,1,,0,,1,,1,,1,,1,,0,,1,,0,,1,,1,,1,,4,,1,,1,
3,66,"    432 Long Beach Boulevard, Long Beach, California",33.773027,-118.18929,33.771727,-118.18929,14,,2,,1,,0,,0,,0,,1,,0,,4,,1,,1,,0,,1,,1,,0,,1,,0,,0,,1,,1,,0,,1,,0,,0,,3,,1,,-2,,-2,,-2,,-2,,-2,,1,,1,,1,,1,,1,,1,,1,,0,,1,,1,,1,,1,,1,,2,,1,,100,,0,,1,,0,,1,,1,,1,,1,,1,,0,,0,,0,,1,,1,,1,,0,,1,,1,
3,67,"   1250 Long Beach Boulevard, Long Beach, California",33.782642,-118.189258,33.782011,-118.189263,7,,0,,1,,0,,1,,0,,0,,0,,0,,1,,0,,0,,2,,1,,2,,2,,0,,1,,1,,3,,-2,,-2,,-2,,-2,,3,,1,,-2,,-2,,-2,,-2,,-2,,1,,1,,1,,1,,1,,1,,1,,1,,1,,1,,1,,1,,1,,3,,1,,0,,3,,1,,1,,1,,1,,1,,1,,1,,0,,0,,0,,1,,1,,1,,4,,1,,1,
2,68,"    288 North Vermont Avenue, Los Angeles, California",34.076322,-118.291727,34.074503,-118.291714,20,,0,,1,,0,,1,,0,,0,,0,,4,,1,,1,,0,,5,,1,,0,,1,,0,,1,,1,,1,,0,,1,,0,,0,,-1,2,0,,1,,1,,1,,1,,0,,1,,1,,1,,1,,1,,1,,1,,0,,1,,1,,1,,1,,1,,2,,1,,65,,0,,0,,0,,0,,1,,1,,1,,1,,0,,0,,0,,1,,0,,1,,1,,1,,1,
3,69,"    411 West 5th Street, Los Angeles, California",34.048791,-118.25183,34.049401,-118.252892,12,,4,,1,,0,,1,,4,,0,,0,,0,,1,,1,,0,,3,,1,,2,,1,,0,,1,,1,,1,,0,,1,,0,,0,,3,,1,,-2,,-2,,-2,,-2,,-2,,1,,0,,1,,1,,1,,1,,0,,1,,1,,1,,1,,1,,1,,0,,1,,20,,0,,1,,1,,1,,1,,1,,1,,0,,0,,0,,0,,1,,1,,1,,1,,1,,1,
3,70,"Lamar Street / Main Street, Houston, Texas",29.756756,-95.36642,29.756198,-95.365484,9,,4,,1,,0,,1,,0,,0,,0,,4,,1,,1,,0,,2,,0,,0,,1,,0,,1,,1,,1,,0,,0,,0,,1,,3,,1,,-2,,-2,,-2,,-2,,-2,,1,,1,,1,,1,,1,,1,,1,,0,,1,,1,,1,,1,,1,,0,,1,,100,,0,,1,,1,,0,,1,,1,,0,,0,,0,,0,,1,,1,,1,,1,,1,,1,,1,
2,71,"New York 9A, New York",40.878696,-73.920058,40.878485,-73.92153,32,,0,,0,,0,,0,,4,,1,,2,,-2,,1,,1,,3,,0,,2,,0,,2,,0,,1,,1,,3,,-2,,-2,,-2,,-2,,2,,1,,-2,,-2,,-2,,-2,,-2,,0,,1,,1,,1,,1,,1,,0,,1,,1,,1,,0,,0,,1,,3,,1,,0,,3,,1,,1,,1,,1,,1,,0,,1,,1,,1,,0,,1,,1,,1,,4,,1,,1,
3,72,"Stamford, Connecticut",41.088859,-73.517934,41.089043,-73.517882,2,,0,,1,,0,,4,,4,,1,,0,,2,,1,,1,,0,,1,,1,,0,,2,,0,,1,,1,,1,,1,,1,,0,,1,,3,,1,,-2,,-2,,-2,,-2,,-2,,0,,1,,1,,1,,1,,1,,1,,1,,1,,1,,1,,1,,1,,3,,1,,0,,3,,2,,1,,1,,1,,1,,1,,1,,0,,0,,0,,1,,1,,1,,4,,1,,1,
3,73,"   1754 Clark Avenue, St. Louis, Missouri",38.626525,-90.204701,38.627036,-90.207024,20,,7,,1,,0,,1,,1,,1,,2,,-2,,1,,1,,0,,1,,1,,0,,0,,0,,1,,1,,1,,0,,1,,0,,0,,3,,1,,-2,,-2,,-2,,-2,,-2,,1,,1,,1,,1,,1,,1,,0,,1,,1,,1,,1,,1,,1,,1,,1,,70,,0,,1,,0,,1,,1,,1,,1,,1,,0,,1,,0,,1,,1,,1,,1,,1,,1,
2,74,"Minneapolis, Minnesota",44.962413,-93.248485,44.962741,-93.245251,25,,0,,1,,0,,1,,0,,0,,0,,0,,1,,0,,1,,3,,1,,0,,0,,0,,1,,1,,1,,0,,0,,1,,0,,3,,1,,-2,,-2,,-2,,-2,,-2,,1,,1,,1,,1,,1,,1,,0,,1,,1,,1,,1,,1,,1,,2,,1,,0,,2,,1,,1,,1,,1,,0,,0,,0,,0,,0,,0,,1,,0,,1,,1,,1,,1,
2,75,"   1165 Southwest 1st Avenue, Miami, Florida",25.76348,-80.195193,25.762486,-80.19516,11,,0,,1,,0,,0,,4,,1,,1,,0,,1,,1,,0,,1,,1,,0,,2,,0,,1,,1,,1,,1,,0,,0,,0,,0,,1,,-2,,-2,,-2,,-2,,-2,,1,,1,,1,,1,,1,,1,,1,,1,,1,,1,,1,,1,,0,,3,,1,,0,,3,,2,,0,,1,,1,,0,,0,,0,,0,,1,,1,,1,,1,,1,,4,,1,,1,
2,76,"Northwest 1st Avenue, Miami, Florida",25.776968,-80.195266,25.778784,-80.195333,22,,0,,1,,0,,1,,0,,0,,0,,0,,1,,1,,0,,3,,1,,2,,1,,0,,1,,1,,1,,0,,0,,0,,1,,3,,1,,-2,,-2,,-2,,-2,,-2,,1,,1,,1,,1,,1,,1,,0,,1,,1,,1,,1,,1,,0,,0,,1,,0,,2,,1,,0,,0,,1,,0,,1,,0,,0,,0,,1,,1,,1,,1,,0,,1,,1,
3,77,"Northwest 12th Avenue, Miami, Florida",25.789362,-80.214902,25.790456,-80.214958,12,,0,,1,,0,,1,,4,,1,,1,,2,,1,,0,,0,,2,,1,,0,,1,,0,,1,,1,,1,,0,,1,,0,,1,,3,,1,,-2,,-2,,-2,,-2,,-2,,1,,1,,1,,1,,1,,1,,1,,1,,0,,1,,1,,1,,0,,2,,1,,100,,1,,1,,1,,1,,1,,0,,0,,1,,0,,0,,0,,1,,1,,1,,1,,1,,1,
2,78,"South Dixie Highway, Miami, Florida",25.739755,-80.237823,25.738751,-80.237782,10,,0,,1,,0,,1,,0,,0,,0,,0,,1,,1,,0,,5,,1,,2,,0,,0,,1,,1,,1,,0,,0,,1,,0,,0,,0,,1,,1,,1,,1,,0,,1,,1,,1,,1,,1,,1,,1,,0,,1,,1,,1,,1,,1,,2,,1,,0,,2,,1,,0,,1,,1,,1,,0,,0,,0,,1,,1,,1,,1,,1,,0,,1,,1,
2,79,"     68 Aberdeen Street, New York",40.682369,-73.90562,40.68327,-73.904733,13,,0,,0,,0,,1,,0,,0,,0,,0,,1,,1,,0,,1,,1,,0,,1,,0,,1,,1,,1,,0,,1,,0,,0,,3,,1,,-2,,-2,,-2,,-2,,-2,,0,,1,,1,,1,,0,,1,,1,,0,,1,,1,,1,,1,,1,,2,,1,,40,,0,,0,,1,,1,,1,,1,,1,,1,,0,,1,,0,,1,,0,,1,,1,,1,,1,
2,80,"Smiths Lane, New York",40.646147,-73.90344,40.645134,-73.902308,14,,0,,1,,0,,1,,4,,1,,2,,-2,,1,,1,,1,,1,,1,,0,,1,,0,,1,,1,,1,,0,,0,,0,,1,,3,,1,,-2,,-2,,-2,,-2,,-2,,1,,1,,1,,1,,1,,0,,1,,0,,1,,1,,1,,1,,1,,2,,1,,100,,0,,1,,1,,1,,1,,1,,1,,1,,0,,0,,0,,1,,0,,1,,2,,1,,1,
3,81,"    221 Moffat Street, New York",40.68895,-73.90504,40.687456,-73.906489,15,,7,,1,,0,,1,,4,,1,,1,,2,,1,,1,,0,,1,,1,,0,,1,,0,,1,,1,,1,,0,,1,,0,,0,,3,,1,,-2,,-2,,-2,,-2,,-2,,0,,1,,0,,1,,0,,0,,1,,0,,0,,1,,1,,1,,1,,1,,1,,75,,1,,0,,1,,1,,1,,1,,1,,1,,0,,1,,0,,1,,1,,0,,2,,1,,1,
2,82,"     14 East Houston Street, New York",40.725234,-73.995807,40.725481,-73.996782,8,,0,,1,,0,,1,,0,,0,,1,,2,,1,,1,,0,,5,,2,,2,,1,,0,,1,,1,,1,,0,,0,,0,,1,,3,,0,,1,,1,,1,,1,,0,,1,,1,,1,,1,,1,,1,,1,,0,,1,,1,,1,,1,,1,,0,,1,,100,,0,,1,,1,,0,,1,,1,,1,,0,,0,,0,,0,,1,,1,,1,,0,,1,,1,
2,83,"    577 Fashion Avenue, New York",40.754769,-73.987936,40.75541,-73.987419,8,,0,,1,,0,,1,,0,,0,,0,,5,,1,,1,,0,,3,,2,,0,,1,,0,,1,,1,,1,,0,,0,,0,,1,,2,,0,,1,,1,,1,,1,,0,,1,,0,,1,,1,,1,,0,,1,,0,,1,,1,,1,,1,,1,,0,,1,,100,,0,,1,,0,,0,,1,,1,,1,,0,,0,,0,,0,,1,,1,,1,,0,,1,,1,
2,84,"    418 Fashion Avenue, New York",40.750995,-73.990633,40.750351,-73.991156,8,,8,,1,,0,,1,,0,,0,,0,,2,,1,,1,,0,,4,,2,,0,,1,,0,,1,,1,,1,,0,,0,,0,,1,,2,,0,,0,,0,,1,,1,,0,,1,,1,,1,,1,,1,,1,,0,,0,,1,,1,,1,,1,,1,,2,,1,,100,,0,,1,,0,,0,,1,,1,,1,,0,,0,,0,,0,,1,,1,,1,,0,,1,,1,
2,85,"   1778 Adams Street, New York",40.840535,-73.870576,40.841607,-73.872286,19,,0,,1,,0,,1,,4,,1,,1,,0,,1,,1,,0,,0,,2,,0,,1,,0,,1,,1,,1,,0,,0,,0,,0,,3,,1,,-2,,-2,,-2,,-2,,-2,,0,,1,,0,,0,,1,,1,,1,,1,,1,,1,,1,,1,,1,,1,,0,,100,,0,,0,,1,,1,,1,,1,,1,,1,,0,,1,,0,,1,,0,,1,,2,,1,,0,
2,86,"    880 Nostrand Avenue, New York",40.667177,-73.950751,40.66807,-73.950734,9,,0,,1,,0,,1,,0,,0,,0,,0,,1,,1,,0,,1,,0,,0,,1,,0,,1,,1,,1,,0,,0,,0,,0,,3,,1,,-2,,-2,,-2,,-2,,-2,,0,,1,,0,,1,,1,,1,,1,,1,,1,,1,,1,,1,,1,,1,,1,,100,,0,,1,,1,,0,,1,,1,,0,,0,,0,,0,,1,,1,,1,,1,,2,,1,,1,
3,87,"110th Street / Liberty Avenue, New York",40.684358,-73.832113,40.682172,-73.831034,23,,9,,1,,0,,0,,1,,1,,1,,0,,1,,1,,0,,1,,1,,0,,1,,0,,1,,1,,1,,0,,1,,0,,0,,3,,1,,-2,,-2,,-2,,-2,,-2,,1,,1,,1,,0,,1,,0,,1,,0,,1,,1,,1,,1,,1,,2,,1,,50,,1,,1,,1,,1,,1,,1,,1,,1,,0,,0,,0,,1,,1,,1,,1,,1,,1,
2,88,"Rockaway Freeway, New York",40.596099,-73.766504,40.595498,-73.766431,1,,0,,0,,0,,0,,4,,1,,2,,-2,,1,,1,,0,,1,,0,,2,,1,,0,,1,,1,,1,,0,,2,,1,,1,,3,,1,,-2,,-2,,-2,,-2,,-2,,0,,1,,1,,1,,1,,1,,1,,1,,1,,0,,1,,1,,1,,3,,1,,0,,3,,2,,1,,1,,1,,1,,1,,1,,0,,0,,1,,1,,1,,1,,4,,1,,1,
3,88,"Rockaway Freeway, New York",40.596099,-73.766504,40.595498,-73.766431,,,,,,,,,,,,,,,,,,,,,,,,,,,,,,,,,,,,,,,,,,,,,,,,,,,,,,,,,,,,,,,,,,,,,,,,,,,,,,,,,,,,,,,,,,,,,,,,,,,,,,,,,,,,,,,,,,,,,,,,,,,,,,,,
3,89,"   4970 Broadway, New York",40.867693,-73.921214,40.868142,-73.919741,13,,2,,1,,0,,1,,0,,0,,0,,0,,1,,1,,0,,3,,1,,0,,1,,0,,1,,1,,1,,0,,1,,0,,1,,3,,1,,-2,,-2,,-2,,-2,,-2,,1,,0,,0,,1,,1,,1,,0,,0,,1,,1,,1,,1,,1,,0,,1,,100,,0,,0,,0,,1,,1,,1,,1,,0,,0,,0,,0,,1,,1,,1,,2,,1,,1,
3,90,"   2128 Fulton Street, New York",40.6784,-73.913058,40.678278,-73.910799,17,,4,,1,,0,,0,,4,,1,,1,,0,,1,,1,,0,,1,,1,,0,,0,,0,,1,,1,,1,,0,,1,,0,,1,,3,,1,,-2,,-2,,-2,,-2,,-2,,1,,1,,0,,1,,0,,0,,0,,0,,0,,0,,1,,1,,1,,2,,1,,100,,0,,0,,1,,1,,1,,1,,1,,0,,0,,0,,0,,1,,0,,1,,2,,1,,1,
3,91,"   2710 Pitkin Avenue, New York",40.675402,-73.871915,40.675305,-73.872612,6,,1,,1,,0,,1,,0,,0,,0,,0,,1,,1,,0,,1,,2,,0,,1,,0,,1,,1,,1,,0,,0,,0,,1,,3,,1,,-2,,-2,,-2,,-2,,-2,,1,,1,,0,,1,,1,,1,,1,,1,,1,,1,,0,,0,,0,,1,,1,,100,,1,,1,,1,,1,,1,,1,,1,,0,,0,,0,,0,,1,,1,,1,,1,,1,,1,
3,92,"   1250 Fulton Street, New York",40.680456,-73.950734,40.68039,-73.949557,9,,2,,1,,0,,0,,0,,0,,0,,2,,1,,0,,0,,1,,1,,0,,1,,0,,1,,1,,1,,0,,0,,0,,1,,3,,1,,-2,,-2,,-2,,-2,,-2,,1,,1,,1,,1,,1,,0,,1,,0,,1,,1,,1,,1,,1,,1,,1,,100,,0,,1,,1,,1,,1,,0,,1,,0,,0,,0,,0,,1,,1,,1,,1,,1,,1,
3,93,"Central Park West, New York",40.782029,-73.971705,40.779478,-73.973571,33,,14,,1,,0,,1,,0,,0,,0,,2,,1,,1,,0,,3,,2,,0,,1,,1,,1,,0,,1,,0,,0,,0,,0,,3,,1,,-2,,-2,,-2,,-2,,-2,,1,,1,,1,,1,,1,,1,,0,,1,,1,,1,,1,,1,,1,,0,,1,,0,,2,,1,,0,,0,,1,,0,,0,,0,,0,,0,,0,,1,,1,,1,,0,,1,,1,
3,94,"Broadway, New York",40.799146,-73.96864,40.799826,-73.968296,8,,3,,1,,0,,1,,0,,0,,1,,0,,1,,0,,0,,3,,2,,0,,1,,0,,1,,1,,1,,0,,0,,0,,1,,3,,1,,-2,,-2,,-2,,-2,,-2,,1,,0,,0,,1,,1,,0,,1,,0,,1,,1,,1,,1,,1,,0,,1,,100,,0,,1,,0,,1,,1,,1,,0,,0,,0,,0,,0,,1,,1,,1,,1,,1,,1,
2,95,"   5191 Broadway, New York",40.874608,-73.909717,40.872333,-73.91273,40,,0,,1,,0,,1,,0,,0,,0,,5,,1,,0,,0,,5,,0,,0,,1,,0,,1,,1,,1,,0,,0,,0,,1,,3,,1,,-2,,-2,,-2,,-2,,-2,,1,,1,,1,,1,,1,,0,,0,,0,,1,,1,,1,,1,,1,,2,,1,,60,,0,,1,,0,,1,,1,,1,,1,,0,,1,,0,,0,,1,,0,,1,,3,,1,,0,
3,96,"   2221 Broadway, New York",40.78387,-73.980092,40.784432,-73.979668,6,,3,,1,,0,,1,,0,,0,,1,,2,,1,,0,,0,,2,,1,,0,,1,,0,,1,,1,,1,,0,,0,,0,,0,,3,,1,,-2,,-2,,-2,,-2,,-2,,1,,1,,1,,1,,1,,1,,1,,0,,1,,1,,1,,1,,1,,2,,1,,100,,0,,1,,0,,1,,1,,0,,1,,0,,0,,0,,0,,1,,1,,1,,0,,1,,1,
3,97,"   2360 Broadway, New York",40.788271,-73.976425,40.788971,-73.975832,8,,2,,1,,0,,1,,0,,0,,1,,0,,1,,0,,0,,2,,1,,0,,1,,0,,0,,1,,1,,0,,0,,0,,0,,3,,1,,-2,,-2,,-2,,-2,,-2,,1,,0,,1,,1,,1,,0,,0,,0,,1,,1,,1,,1,,1,,0,,1,,100,,0,,1,,0,,1,,1,,1,,0,,0,,0,,0,,0,,1,,1,,1,,0,,1,,1,
3,98,"63rd Street, New York",40.624954,-73.996689,40.625259,-73.997156,5,,0,,0,,1,,6,,4,,1,,3,,6,,1,,1,,1,,1,,1,,0,,1,,0,,1,,1,,1,,0,,1,,0,,1,,3,,1,,-2,,-2,,-2,,-2,,-2,,0,,1,,1,,1,,1,,1,,1,,1,,0,,1,,1,,1,,1,,2,,1,,100,,0,,0,,1,,1,,1,,1,,1,,1,,0,,0,,0,,1,,0,,1,,2,,1,,1,
2,99,"    349 Flatbush Avenue, New York",40.67752,-73.972714,40.677068,-73.972377,6,,0,,1,,0,,1,,0,,0,,0,,2,,1,,1,,0,,5,,2,,0,,1,,0,,0,,1,,1,,0,,0,,0,,0,,2,,1,,-2,,-2,,-2,,-2,,-2,,1,,1,,1,,1,,1,,1,,1,,0,,1,,1,,1,,1,,1,,2,,1,,100,,0,,1,,0,,0,,1,,1,,1,,0,,0,,0,,0,,1,,1,,1,,1,,1,,1,
2,100,"    621 East 16th Street, New York",40.635914,-73.962505,40.634497,-73.962219,15,,0,,1,,0,,1,,1,,1,,1,,0,,1,,1,,0,,0,,1,,0,,1,,0,,1,,1,,1,,0,,1,,0,,0,,3,,1,,-2,,-2,,-2,,-2,,-2,,0,,1,,1,,1,,0,,0,,1,,0,,1,,1,,1,,1,,1,,1,,1,,100,,0,,0,,1,,1,,1,,1,,1,,1,,0,,0,,0,,1,,0,,1,,3,,1,,0,
3,101,"     27 31st Street, New York",40.752694,-73.932906,40.753795,-73.93202,12,,5,,1,,1,,1,,0,,0,,0,,2,,1,,1,,0,,1,,1,,0,,1,,0,,1,,1,,1,,0,,1,,0,,1,,3,,1,,-2,,-2,,-2,,-2,,-2,,1,,1,,1,,0,,1,,0,,0,,0,,0,,1,,1,,1,,1,,2,,1,,100,,0,,0,,1,,1,,1,,1,,1,,1,,0,,0,,0,,1,,0,,1,,2,,1,,1,
3,102,"   9406 4th Avenue, New York",40.616053,-74.031124,40.616702,-74.030842,6,,3,,0,,1,,1,,0,,0,,0,,2,,1,,0,,0,,3,,2,,0,,1,,0,,1,,1,,1,,0,,0,,0,,1,,3,,1,,-2,,-2,,-2,,-2,,-2,,1,,1,,1,,1,,1,,0,,1,,0,,1,,1,,1,,1,,1,,1,,1,,100,,0,,-1,2,1,,1,,1,,1,,0,,-1,2,0,,0,,0,,1,,1,,1,,1,,1,,1,
3,103,"     82 Steinway Street, New York",40.758989,-73.918989,40.75668,-73.920867,27,,9,,1,,1,,1,,0,,0,,0,,0,,1,,1,,0,,1,,2,,0,,1,,0,,1,,1,,1,,0,,1,,0,,0,,3,,1,,-2,,-2,,-2,,-2,,-2,,1,,1,,1,,1,,1,,0,,0,,0,,0,,1,,1,,1,,1,,1,,1,,100,,0,,1,,1,,1,,1,,1,,1,,0,,0,,0,,0,,1,,1,,1,,1,,1,,1,
3,104,"    189 Montague Street, New York",40.694327,-73.9924,40.693719,-73.990466,14,,0,,1,,0,,1,,0,,0,,0,,0,,1,,1,,0,,1,,1,,0,,1,,0,,1,,1,,1,,0,,1,,0,,0,,3,,1,,-2,,-2,,-2,,-2,,-2,,1,,0,,1,,1,,1,,0,,0,,0,,0,,1,,1,,1,,1,,0,,1,,100,,0,,1,,0,,0,,1,,1,,0,,0,,0,,0,,0,,1,,1,,1,,1,,1,,1,
2,105,"    149 East 60th Street, New York",40.762183,-73.966127,40.762849,-73.967723,14,,0,,1,,0,,1,,0,,0,,0,,0,,1,,1,,0,,2,,1,,0,,1,,0,,1,,1,,1,,0,,0,,0,,1,,2,,1,,-2,,-2,,-2,,-2,,-2,,1,,0,,1,,1,,0,,0,,1,,0,,1,,1,,1,,1,,1,,0,,1,,100,,0,,1,,1,,0,,1,,1,,1,,0,,0,,0,,0,,1,,1,,1,,2,,1,,1,
3,106,"Lafayette Avenue / Waverly Avenue, New York",40.688102,-73.966839,40.687592,-73.966732,6,,0,,1,,0,,1,,4,,0,,0,,0,,1,,1,,0,,0,,1,,0,,1,,0,,1,,1,,1,,0,,0,,0,,0,,3,,1,,-2,,-2,,-2,,-2,,-2,,0,,0,,1,,1,,1,,1,,1,,1,,1,,1,,1,,1,,1,,0,,1,,100,,1,,1,,1,,1,,1,,1,,1,,0,,0,,1,,0,,1,,1,,1,,1,,1,,1,
3,107,"Jerome Avenue, New York",40.840208,-73.917653,40.839579,-73.918111,7,,2,,1,,0,,1,,0,,0,,0,,2,,1,,1,,0,,2,,1,,0,,1,,0,,1,,1,,1,,0,,0,,0,,1,,3,,1,,-2,,-2,,-2,,-2,,-2,,1,,1,,1,,1,,1,,1,,0,,0,,0,,1,,1,,1,,1,,2,,0,,,2,0,,1,,1,,1,,1,,0,,0,,0,,0,,0,,0,,1,,1,,1,,1,,1,,1,
2,108,"   2264 Jerome Avenue, New York",40.858372,-73.903889,40.858717,-73.903677,4,,2,,1,,0,,0,,0,,0,,0,,0,,1,,1,,0,,3,,2,,0,,1,,0,,1,,1,,1,,0,,0,,0,,1,,-1,,1,,-2,,-2,,-2,,-2,,-2,,1,,1,,1,,1,,1,,1,,1,,0,,1,,1,,1,,1,,1,,2,,1,,100,,0,,1,,1,,1,,1,,1,,1,,0,,0,,0,,0,,0,,-1,,1,,2,,1,,1,
3,109,"   1074 Eastern Parkway, New York",40.668812,-73.931186,40.668962,-73.933904,14,,1,,1,,0,,1,,0,,0,,0,,2,,1,,1,,0,,4,,1,,0,,1,,0,,1,,1,,1,,0,,0,,0,,0,,3,,1,,-2,,-2,,-2,,-2,,-2,,1,,1,,1,,1,,0,,1,,0,,1,,1,,1,,1,,1,,1,,1,,1,,,2,1,,1,,1,,1,,1,,0,,0,,1,,0,,1,,0,,1,,1,,1,,1,,1,,1,
3,110,"     25 Park Avenue, New York",40.74583,-73.982366,40.746394,-73.981922,7,,2,,1,,0,,1,,0,,0,,0,,2,,1,,0,,0,,3,,2,,0,,1,,0,,1,,1,,1,,0,,0,,0,,1,,3,,1,,-2,,-2,,-2,,-2,,-2,,1,,1,,1,,1,,1,,1,,0,,0,,1,,1,,1,,1,,1,,0,,1,,100,,0,,1,,1,,0,,1,,1,,1,,0,,0,,0,,0,,1,,1,,1,,0,,1,,1,
3,111,"   4411 White Plains Road, New York",40.897164,-73.85528,40.898441,-73.854254,14,,3,,0,,0,,1,,0,,0,,0,,2,,1,,1,,0,,2,,1,,0,,1,,0,,1,,1,,1,,0,,1,,0,,1,,3,,1,,-2,,-2,,-2,,-2,,-2,,1,,1,,1,,1,,1,,0,,1,,0,,0,,1,,1,,1,,1,,2,,1,,100,,0,,1,,1,,1,,1,,1,,1,,0,,0,,0,,0,,1,,1,,1,,2,,1,,1,
3,112,"    139 Flatbush Avenue, New York",40.684055,-73.977451,40.684715,-73.977902,7,,1,,1,,0,,1,,0,,0,,0,,2,,1,,1,,0,,4,,2,,0,,1,,0,,1,,1,,1,,0,,0,,0,,0,,3,,1,,-2,,-2,,-2,,-2,,-2,,1,,1,,1,,1,,1,,1,,1,,0,,1,,1,,1,,1,,1,,1,,1,,100,,0,,1,,0,,1,,1,,1,,1,,0,,0,,0,,0,,1,,1,,1,,0,,1,,1,
2,113,"    926 Broadway, New York",40.697423,-73.935972,40.697029,-73.935339,6,,2,,0,,0,,1,,0,,0,,0,,2,,1,,1,,0,,1,,1,,0,,1,,0,,0,,1,,1,,0,,1,,0,,1,,2,,1,,-2,,-2,,-2,,-2,,-2,,1,,1,,1,,1,,1,,0,,1,,0,,1,,1,,1,,1,,1,,-1,,1,,100,,0,,-1,,1,,1,,1,,1,,0,,0,,0,,0,,0,,1,,0,,1,,2,,1,,1,
3,114,"   2931 West 8th Street, New York",40.579243,-73.9761,40.575296,-73.976451,42,,10,,1,,0,,1,,0,,0,,0,,2,,1,,1,,0,,4,,1,,0,,1,,0,,1,,1,,1,,0,,0,,0,,1,,3,,1,,-2,,-2,,-2,,-2,,-2,,1,,0,,1,,1,,1,,1,,1,,1,,1,,1,,1,,1,,1,,0,,1,,0,,2,,1,,1,,1,,1,,1,,1,,0,,0,,0,,0,,1,,1,,1,,1,,1,,1,
2,115,"Waterbury Avenue, New York",40.525913,-74.200066,40.526462,-74.199855,7,,0,,0,,0,,5,,4,,1,,3,,6,,1,,1,,3,,0,,2,,0,,1,,0,,1,,1,,1,,1,,0,,1,,0,,3,,1,,-2,,-2,,-2,,-2,,-2,,0,,1,,1,,0,,1,,1,,1,,1,,1,,0,,1,,1,,1,,2,,1,,0,,2,,1,,1,,1,,1,,1,,1,,1,,0,,1,,1,,1,,1,,1,,1,,1,,1,
3,116,"Harbor Drive, San Diego, California",32.6881803058,-117.129002109,32.685753,-117.12552,36,,6,,1,,0,,1,,4,,0,,0,,0,,1,,0,,0,,4,,1,,2,,0,,0,,1,,1,,1,,0,,0,,0,,1,,3,,0,,1,,1,,1,,1,,0,,1,,1,,1,,1,,1,,1,,0,,1,,1,,1,,1,,1,,1,,2,,1,,0,,2,,1,,1,,1,,1,,1,,0,,1,,0,,0,,0,,1,,1,,1,,1,,1,,1,
3,117,"   5024 Market Street, San Diego, California",32.710464,-117.085102,32.71015,-117.091587,54,,2,,1,,0,,1,,0,,0,,0,,4,,1,,1,,0,,4,,1,,2,,0,,0,,1,,1,,1,,0,,1,,0,,1,,3,,0,,1,,1,,1,,1,,0,,1,,1,,1,,0,,1,,1,,0,,0,,0,,0,,1,,1,,1,,2,,1,,0,,2,,1,,0,,1,,1,,1,,1,,0,,1,,0,,0,,1,,0,,1,,2,,1,,0,
2,118,"   4005 Taylor Street, San Diego, California",32.755614,-117.199483,32.75538,-117.201005,12,,0,,1,,0,,0,,0,,0,,1,,0,,1,,1,,0,,5,,2,,2,,1,,0,,1,,1,,1,,0,,0,,0,,1,,3,,1,,-2,,-2,,-2,,-2,,-2,,1,,1,,1,,0,,1,,1,,1,,0,,0,,1,,0,,1,,1,,2,,1,,20,,1,,1,,1,,1,,1,,1,,1,,1,,0,,0,,1,,1,,1,,1,,1,,1,,1,
2,119,"Hamilton Avenue, New Jersey",40.212904,-74.75894,40.213567,-74.756367,21,,2,,0,,0,,0,,0,,0,,0,,0,,1,,1,,0,,1,,1,,0,,1,,0,,1,,1,,1,,0,,0,,0,,1,,3,,1,,-2,,-2,,-2,,-2,,-2,,1,,1,,1,,1,,1,,1,,0,,1,,1,,1,,1,,1,,1,,1,,1,,0,,1,,1,,1,,1,,1,,1,,1,,0,,0,,0,,1,,1,,1,,1,,1,,1,,1,
3,119,"Hamilton Avenue, New Jersey",40.212904,-74.75894,40.213567,-74.756367,,,,,,,,,,,,,,,,,,,,,,,,,,,,,,,,,,,,,,,,,,,,,,,,,,,,,,,,,,,,,,,,,,,,,,,,,,,,,,,,,,,,,,,,,,,,,,,,,,,,,,,,,,,,,,,,,,,,,,,,,,,,,,,,
3,120,"   1039 Canal Street, New Orleans, Louisiana",29.955693,-90.072621,29.955166,-90.071653,9,,2,,0,,0,,1,,0,,0,,1,,0,,1,,0,,0,,2,,1,,0,,1,,0,,1,,1,,1,,0,,1,,0,,0,,3,,0,,1,,1,,1,,1,,0,,1,,1,,0,,1,,1,,0,2,-1,2,0,,1,,1,,1,,1,,1,,1,,1,,100,,0,,1,,1,,0,,1,,1,,1,,0,,0,,0,,0,,1,,1,,1,,1,,1,,1,
3,121,"Esplanade Avenue, New Orleans, Louisiana",29.961269,-90.057017,29.961748,-90.057686,7,,2,,0,,0,,0,,1,,1,,1,,0,,1,,1,,0,,1,,2,,0,,1,,0,,1,,1,,1,,0,,1,,0,,0,,3,,1,,-2,,-2,,-2,,-2,,-2,,0,,1,,1,,0,,1,,1,,0,,1,,1,,1,,1,,1,,1,,1,,1,,100,,0,,1,,1,,1,,1,,1,,1,,1,,0,,0,,0,,1,,1,,1,,1,,1,,1,
3,122,"Dufossat Street, New Orleans, Louisiana",29.926915,-90.109756,29.927244,-90.110669,9,,1,,0,,0,,1,,4,,1,,2,,-2,,1,,0,,0,,1,,1,,0,,1,,0,,1,,1,,1,,0,,1,,0,,0,,3,,1,,-2,,-2,,-2,,-2,,-2,,0,,1,,1,,0,,1,,1,,0,,1,,1,,1,,1,,1,,1,,2,,1,,20,,2,,1,,1,,1,,1,,1,,1,,1,,0,,0,,0,,1,,1,,1,,1,,1,,1,
2,123,"Carondelet Street / Julia Street, New Orleans, Louisiana",29.946298,-90.07293,29.946487,-90.074161,10,,0,,0,,0,,1,,0,,1,,0,,0,,1,,1,,0,,1,,1,,0,,1,,0,,1,,1,,1,,0,,2,,0,,0,,3,,1,,-2,,-2,,-2,,-2,,-2,,1,,1,,0,,1,,1,,0,,1,,0,,1,,0,,1,,1,,1,,1,,0,,65,,0,,1,,0,,0,,1,,1,,1,,1,,0,,0,,0,,1,,1,,1,,1,,1,,1,
2,124,"Saint Charles Avenue, New Orleans, Louisiana",29.95008,-90.070443,29.94966,-90.07056,4,,0,,0,,0,,0,,4,,1,,1,,0,,1,,1,,0,,1,,1,,0,,1,,0,,1,,1,,1,,0,,0,,0,,1,,3,,1,,-2,,-2,,-2,,-2,,-2,,0,,1,,1,,1,,1,,1,,0,,1,,1,,1,,1,,1,,0,,0,,1,,50,,0,,1,,1,,0,,1,,0,,1,,0,,0,,0,,1,,1,,1,,1,,0,,1,,1,
3,124,"Saint Charles Avenue, New Orleans, Louisiana",29.95008,-90.070443,29.94966,-90.07056,,,,,,,,,,,,,,,,,,,,,,,,,,,,,,,,,,,,,,,,,,,,,,,,,,,,,,,,,,,,,,,,,,,,,,,,,,,,,,,,,,,,,,,,,,,,,,,,,,,,,,,,,,,,,,,,,,,,,,,,,,,,,,,,
2,125,"Inland Rail Trail / West San Marcos Boulevard, San Marcos, California",33.140815,-117.160554,33.141332,-117.160878,5,,0,,1,,0,,6,,4,,1,,2,,-2,,1,,1,,3,,1,,2,,2,,0,,0,,1,,1,,3,,-2,,-2,,-2,,-2,,3,,1,,-2,,-2,,-2,,-2,,-2,,0,,1,,1,,1,,1,,1,,0,,1,,1,,1,,1,,1,,1,,2,,1,,40,,2,,1,,0,,1,,1,,1,,1,,1,,0,,0,,1,,0,,1,,1,,0,,1,,1,
3,125,"Inland Rail Trail / West San Marcos Boulevard, San Marcos, California",33.140815,-117.160554,33.141332,-117.160878,,,,,,,,,,,,,,,,,,,,,,,,,,,,,,,,,,,,,,,,,,,,,,,,,,,,,,,,,,,,,,,,,,,,,,,,,,,,,,,,,,,,,,,,,,,,,,,,,,,,,,,,,,,,,,,,,,,,,,,,,,,,,,,,
3,126,"6th Avenue / West 23rd Street, New York",40.742894,-73.992803,40.743559,-73.992305,8,,1,,1,,0,,1,,4,,0,,0,,2,,1,,1,,0,,3,,1,,0,,1,,1,,1,,0,,1,,0,,0,,0,,1,,3,,1,,-2,,-2,,-2,,-2,,-2,,1,,0,,1,,1,,1,,0,,1,,0,,1,,1,,1,,1,,1,,0,,1,,70,,0,,1,,0,,1,,1,,1,,1,,1,,0,,0,,0,,1,,1,,1,,0,,1,,1,
3,127,"6th Avenue / West 14th Street, New York",40.737362,-73.996857,40.738279,-73.999036,19,,7,,1,,0,,1,,0,,0,,0,,2,,1,,1,,0,,3,,1,,0,,1,,0,,0,,1,,1,,0,,1,,0,,0,,3,,1,,-2,,-2,,-2,,-2,,-2,,1,,0,,0,,1,,1,,0,,0,,0,,1,,1,,1,,1,,1,,0,,1,,100,,0,,1,,1,,0,,1,,1,,1,,0,,0,,0,,0,,1,,0,,1,,1,,1,,1,
3,128,"   1886 59th Street, Sacramento, California",38.557488,-121.435658,38.556566,-121.436001,9,,0,,1,,0,,0,,0,,1,,0,,0,,1,,1,,0,,2,,1,,2,,0,,1,,1,,1,,1,,0,,1,,1,,1,,3,,1,,-2,,-2,,-2,,-2,,-2,,1,,1,,1,,1,,1,,1,,1,,0,,1,,1,,1,,1,,1,,2,,1,,0,,2,,1,,1,,1,,1,,1,,1,,1,,0,,0,,1,,1,,1,,1,,1,,1,,1,
2,129,"   6710 Q Street, Sacramento, California",38.551836,-121.424174,38.55289,-121.427829,33,,0,,1,,0,,0,,1,,1,,0,,5,,1,,1,,0,,1,,2,,0,,1,,0,,1,,1,,0,,2,,4,,2,,1,,3,,1,,-2,,-2,,-2,,-2,,-2,,1,,1,,1,,1,,1,,1,,1,,0,,1,,1,,1,,1,,1,,2,,1,,80,,0,,1,,1,,1,,1,,1,,0,,0,,0,,1,,0,,1,,1,,1,,2,,1,,1,
3,130,"24th Street / R Street, Sacramento, California",38.566065,-121.477056,38.566393,-121.478398,6,,2,,1,,0,,1,,4,,1,,2,,-2,,1,,1,,0,,1,,1,,1,,1,,0,,1,,1,,1,,0,,0,,0,,1,,3,,1,,-2,,-2,,-2,,-2,,-2,,1,,1,,1,,1,,1,,1,,0,,1,,1,,1,,1,,1,,1,,2,,1,,0,,1,,1,,1,,1,,1,,1,,1,,1,,0,,1,,0,,1,,1,,1,,1,,1,,1,
2,131,"R Street, Sacramento, California",38.560852,-121.457144,38.561032,-121.457802,6,,0,,1,,0,,0,,1,,1,,2,,-2,,1,,1,,0,,1,,2,,2,,1,,0,,1,,1,,1,,0,,0,,0,,1,,3,,1,,-2,,-2,,-2,,-2,,-2,,0,,1,,1,,0,,1,,1,,1,,1,,1,,1,,1,,1,,1,,2,,1,,0,,1,,1,,1,,1,,1,,1,,1,,1,,0,,1,,1,,1,,1,,1,,2,,1,,1,
2,132,"    485 California 160, Sacramento, California",38.58563,-121.488211,38.585074,-121.488448,6,,0,,1,,0,,0,,4,,1,,2,,-2,,1,,1,,0,,2,,2,,2,,1,,0,,1,,1,,1,,0,,0,,0,,1,,1,,1,,-2,,-2,,-2,,-2,,-2,,1,,1,,1,,1,,1,,1,,1,,1,,1,,0,,1,,1,,1,,3,,1,,0,,3,,1,,1,,1,,1,,0,,0,,0,,0,,1,,0,,1,,0,,1,,4,,1,,1,
2,133,"24th Street, Sacramento, California",38.539018,-121.484397,38.538307,-121.484165,48,,0,,1,,0,,0,,1,,1,,2,,-2,,1,,1,,1,,2,,2,,2,,2,,1,,1,,1,,1,,1,,0,,0,,1,,0,,1,,-2,,-2,,-2,,-2,,-2,,1,,1,,1,,1,,1,,1,,1,,1,,1,,1,,1,,1,,0,,3,,1,,0,,3,,2,,1,,1,,1,,0,,0,,0,,0,,0,,0,,1,,1,,1,,4,,1,,1,
2,134,"   4434 Chandler Road, Nashville, Tennessee",36.190391,-86.604814,36.189245,-86.6062,13,,0,,0,,0,,0,,4,,1,,2,,-2,,1,,1,,3,,1,,2,,2,,2,,0,,1,,1,,3,,-2,,-2,,-2,,-2,,3,,1,,-2,,-2,,-2,,-2,,-2,,1,,1,,1,,1,,1,,1,,1,,1,,1,,1,,1,,1,,1,,3,,1,,0,,3,,1,,1,,1,,1,,1,,1,,1,,0,,1,,0,,1,,1,,1,,4,,1,,1,
2,135,"   1351 Stout Street, Denver, Colorado",39.743945,-104.995488,39.742654,-104.993729,18,,0,,1,,0,,1,,0,,0,,0,,2,,1,,1,,0,,2,,2,,0,,1,,0,,0,,1,,1,,0,,0,,0,,0,,3,,1,,-2,,-2,,-2,,-2,,-2,,1,,1,,1,,1,,1,,1,,0,,1,,1,,1,,1,,1,,1,,0,,1,,0,,0,,1,,0,,0,,1,,0,,1,,0,,0,,0,,1,,1,,1,,1,,0,,1,,1,
2,136,"U.S. 87, Denver, Colorado",39.649544,-104.917573,39.648191,-104.916757,12,,0,,0,,0,,0,,1,,1,,2,,-2,,1,,1,,0,,1,,2,,0,,1,,0,,1,,1,,1,,0,,0,,0,,1,,3,,1,,-2,,-2,,-2,,-2,,-2,,0,,1,,1,,0,,1,,1,,1,,1,,1,,1,,1,,1,,1,,2,,1,,0,,2,,1,,1,,1,,1,,1,,1,,1,,0,,0,,1,,1,,1,,1,,1,,1,,1,
2,137,"California Street / Drumm Street, San Francisco, California",37.793666,-122.396329,37.793283,-122.396304,4,,0,,1,,0,,0,,0,,1,,1,,0,,1,,0,,0,,4,,3,,2,,1,,0,,1,,1,,1,,0,,0,,0,,0,,3,,1,,-2,,-2,,-2,,-2,,-2,,1,,1,,1,,1,,1,,1,,0,,0,,1,,1,,1,,1,,1,,0,,1,,100,,0,,1,,0,,0,,1,,1,,1,,0,,0,,0,,1,,1,,1,,1,,0,,1,,1,
3,138,"    582 California Street, San Francisco, California",37.792648,-122.40443,37.792712,-122.403873,6,,2,,1,,0,,1,,0,,0,,0,,0,,1,,1,,0,,1,,1,,2,,1,,0,,1,,1,,1,,0,,1,,0,,0,,3,,1,,-2,,-2,,-2,,-2,,-2,,1,,1,,1,,1,,1,,1,,0,,1,,1,,1,,1,,1,,1,,0,,1,,0,,2,,1,,0,,0,,1,,1,,0,,0,,1,,1,,0,,1,,1,,1,,1,,1,,1,
2,139,"   1010 California Street, San Francisco, California",37.792043,-122.409171,37.791719,-122.411762,23,,3,,1,,0,,1,,0,,0,,0,,0,,1,,1,,0,,1,,3,,0,,1,,0,,1,,1,,1,,0,,0,,0,,0,,3,,1,,-2,,-2,,-2,,-2,,-2,,1,,1,,1,,1,,1,,1,,0,,0,,1,,1,,1,,1,,1,,0,,1,,100,,0,,1,,0,,0,,1,,1,,0,,0,,2,,0,,1,,1,,1,,1,,0,,1,,1,
2,140,"   1687 California Street, San Francisco, California",37.790425,-122.42232,37.790554,-122.421291,9,,0,,1,,0,,1,,0,,0,,0,,0,,1,,0,,0,,3,,0,,2,,1,,0,,1,,1,,1,,0,,0,,0,,0,,0,,0,,1,,1,,1,,1,,0,,1,,0,,1,,1,,1,,0,,1,,0,,1,,1,,1,,1,,1,,1,,1,,100,,0,,1,,1,,0,,1,,1,,0,,0,,1,,0,,1,,1,,1,,1,,1,,1,,1,
2,141,"Ocean Avenue, San Francisco, California",37.722986,-122.449643,37.723106,-122.452344,28,,0,,1,,0,,1,,0,,0,,0,,3,,1,,1,,0,,3,,1,,0,,1,,2,,1,,1,,1,,0,,0,,0,,0,,3,,1,,-2,,-2,,-2,,-2,,-2,,1,,1,,1,,1,,1,,1,,0,,1,,1,,1,,1,,1,,1,,2,,1,,0,,2,,1,,1,,0,,1,,1,,1,,1,,0,,0,,0,,1,,1,,1,,0,,1,,1,
2,142,"Miramar Avenue / Ocean Avenue, San Francisco, California",37.724263,-122.458257,37.723858,-122.456169,18,,0,,1,,0,,1,,0,,0,,0,,0,,1,,1,,0,,3,,1,,0,,1,,0,,0,,1,,1,,0,,0,,0,,0,,3,,0,,1,,1,,1,,1,,0,,1,,1,,0,,1,,1,,0,,0,,0,,1,,1,,1,,1,,1,,2,,1,,100,,0,,1,,1,,1,,1,,0,,1,,1,,0,,0,,0,,1,,0,,1,,1,,1,,1,
2,143,"Evans Avenue, San Francisco, California",37.742602,-122.387836,37.741899,-122.386598,12,,0,,1,,0,,1,,0,,0,,0,,0,,1,,0,,0,,4,,1,,0,,1,,1,,1,,0,,1,,0,,1,,0,,0,,-1,,1,,-2,,-2,,-2,,-2,,-2,,1,,1,,1,,1,,1,,1,,0,,0,,1,,1,,1,,1,,1,,2,,1,,100,,0,,1,,1,,1,,1,,0,,0,,0,,0,,1,,0,,1,,1,,1,,1,,1,,1,
2,144,"3rd Street, San Francisco, California",37.734731,-122.390637,37.733978,-122.390909,7,,0,,1,,1,,1,,0,,1,,0,,0,,1,,0,,0,,3,,1,,0,,1,,0,,1,,1,,1,,0,,0,,0,,0,,3,,1,,-2,,-2,,-2,,-2,,-2,,1,,1,,0,,1,,1,,0,,1,,0,,1,,1,,1,,1,,1,,2,,1,,100,,0,,1,,0,,1,,1,,0,,0,,0,,0,,0,,0,,1,,1,,1,,1,,1,,1,
3,145,"28th Avenue / Judah Street, San Francisco, California",37.761268,-122.48681,37.761227,-122.487702,8,,2,,1,,0,,1,,1,,1,,0,,0,,1,,1,,0,,0,,1,,0,,1,,0,,1,,1,,1,,0,,1,,0,,1,,3,,1,,-2,,-2,,-2,,-2,,-2,,0,,1,,1,,1,,1,,0,,0,,1,,1,,1,,1,,1,,1,,2,,0,,100,,0,,1,,1,,1,,1,,1,,1,,1,,0,,0,,0,,1,,1,,1,,1,,1,,1,
3,146,"    599 Market Street, San Francisco, California",37.790144,-122.400312,37.78929,-122.401389,16,,5,,1,,1,,0,,0,,1,,1,,4,,1,,0,,0,,2,,1,,0,,1,,1,,0,,1,,1,,0,,0,,0,,0,,3,,1,,-2,,-2,,-2,,-2,,-2,,1,,0,,1,,1,,1,,0,,0,,0,,1,,1,,1,,1,,1,,0,,1,,100,,0,,1,,0,,1,,0,,1,,0,,0,,0,,0,,0,,1,,1,,1,,1,,1,,1,
2,147,"1st Street / Bush Street / Market Street, San Francisco, California",37.791064,-122.399095,37.790533,-122.398542,6,,0,,1,,0,,1,,0,,0,,0,,4,,1,,1,,0,,2,,0,,0,,1,,0,,1,,1,,1,,0,,0,,0,,0,,3,,1,,-2,,-2,,-2,,-2,,-2,,1,,1,,1,,1,,1,,1,,0,,0,,1,,1,,1,,1,,1,,0,,1,,100,,0,,1,,1,,0,,1,,1,,1,,0,,0,,1,,1,,1,,1,,1,,0,,1,,1,
2,148,"Market Street, San Francisco, California",37.766031,-122.43101,37.767613,-122.428904,27,,1,,1,,1,,1,,0,,0,,0,,0,,1,,0,,0,,2,,2,,0,,1,,1,,0,,0,,1,,0,,0,,0,,0,,2,,1,,-2,,-2,,-2,,-2,,-2,,1,,1,,0,,1,,1,,0,,1,,0,,1,,1,,1,,1,,1,,2,,1,,80,,0,,1,,0,,0,,1,,1,,0,,0,,0,,1,,0,,1,,1,,1,,0,,1,,1,
3,149,"   3950 19th Avenue, San Francisco, California",37.71718,-122.473279,37.71709,-122.473799,5,,0,,1,,0,,6,,4,,1,,2,,-2,,1,,1,,1,,1,,1,,0,,0,,0,,1,,1,,3,,-2,,-2,,-2,,-2,,3,,1,,-2,,-2,,-2,,-2,,-2,,0,,1,,1,,1,,0,,1,,1,,1,,1,,1,,1,,1,,1,,2,,1,,0,,2,,1,,1,,1,,1,,1,,1,,1,,1,,0,,0,,1,,1,,1,,1,,1,,1,
2,150,"   1402 Jackson Street, San Francisco, California",37.794398,-122.419749,37.794598,-122.418095,15,,0,,1,,0,,1,,1,,1,,0,,3,,1,,1,,0,,0,,1,,0,,1,,0,,1,,1,,1,,0,,1,,0,,0,,3,,1,,-2,,-2,,-2,,-2,,-2,,0,,1,,0,,0,,1,,0,,0,,0,,1,,1,,1,,1,,1,,1,,1,,95,,0,,0,,1,,1,,1,,1,,0,,0,,2,,1,,0,,1,,1,,1,,1,,1,,1,
2,151,"   1128 Washington Street, San Francisco, California",37.794576,-122.411336,37.79433,-122.413064,15,,0,,1,,0,,1,,0,,1,,0,,0,,1,,1,,0,,0,,1,,0,,1,,0,,1,,1,,1,,0,,0,,0,,0,,3,,1,,-2,,-2,,-2,,-2,,-2,,1,,1,,0,,1,,1,,1,,0,,1,,1,,1,,1,,1,,1,,1,,1,,100,,0,,0,,0,,1,,1,,1,,0,,1,,2,,0,,0,,1,,1,,1,,1,,1,,1,
2,152,"   1146 Powell Street, San Francisco, California",37.795616,-122.409899,37.794744,-122.409665,10,,0,,1,,0,,1,,0,,0,,0,,0,,1,,1,,0,,1,,0,,0,,1,,0,,1,,1,,1,,0,,0,,0,,0,,3,,1,,-2,,-2,,-2,,-2,,-2,,1,,1,,1,,1,,1,,0,,0,,0,,1,,1,,1,,1,,1,,1,,1,,100,,0,,0,,0,,0,,1,,1,,1,,1,,2,,0,,0,,1,,1,,1,,1,,1,,1,
3,153,"    409 Powell Street, San Francisco, California",37.788248,-122.408394,37.788744,-122.408497,5,,2,,1,,0,,1,,0,,0,,0,,0,,1,,1,,0,,1,,1,,0,,1,,0,,1,,1,,1,,0,,0,,0,,1,,3,,1,,-2,,-2,,-2,,-2,,-2,,1,,1,,1,,1,,1,,1,,1,,0,,1,,1,,1,,1,,1,,0,,1,,100,,0,,1,,1,,1,,1,,1,,1,,0,,1,,0,,0,,1,,1,,1,,0,,1,,1,
3,154,"   1369 Mason Street, San Francisco, California",37.796295,-122.41172,37.795851,-122.41163,5,,3,,1,,0,,1,,0,,0,,0,,3,,1,,1,,0,,1,,1,,0,,1,,0,,1,,1,,1,,0,,1,,0,,1,,3,,1,,-2,,-2,,-2,,-2,,-2,,1,,1,,1,,1,,0,,1,,1,,1,,1,,1,,1,,1,,1,,1,,1,,100,,0,,1,,0,,1,,1,,1,,1,,1,,1,,0,,0,,1,,1,,1,,0,,1,,1,
2,155,"    503 Bay Street, San Francisco, California",37.80543,-122.415204,37.805008,-122.418539,31,,1,,1,,0,,0,,0,,0,,0,,0,,1,,1,,0,,3,,0,,0,,1,,0,,1,,1,,1,,0,,0,,0,,0,,3,,1,,-2,,-2,,-2,,-2,,-2,,1,,1,,0,,0,,0,,1,,1,,0,,1,,1,,1,,1,,1,,1,,1,,100,,0,,1,,0,,1,,1,,1,,1,,0,,2,,0,,1,,1,,1,,1,,1,,1,,1,
3,156,"    799 Pine Street, San Francisco, California",37.790881,-122.410623,37.791089,-122.408976,15,,4,,1,,0,,1,,0,,0,,0,,0,,1,,1,,0,,2,,2,,0,,1,,0,,1,,1,,1,,0,,0,,0,,0,,3,,1,,-2,,-2,,-2,,-2,,-2,,1,,0,,1,,1,,1,,1,,1,,1,,1,,1,,1,,1,,1,,0,,1,,100,,0,,1,,0,,1,,1,,1,,1,,0,,1,,1,,0,,1,,1,,1,,0,,1,,1,
3,157,"   2149 Taraval Street, San Francisco, California",37.742437,-122.48962,37.742464,-122.489013,6,,4,,1,,0,,1,,1,,1,,0,,0,,1,,1,,0,,2,,1,,0,,1,,0,,1,,1,,1,,0,,1,,0,,1,,3,,1,,-2,,-2,,-2,,-2,,-2,,1,,1,,1,,1,,1,,1,,0,,0,,1,,1,,1,,1,,1,,2,,1,,100,,0,,1,,0,,1,,1,,1,,1,,1,,1,,0,,0,,1,,1,,1,,2,,1,,1,
2,158,"    693 South 48th Street, Philadelphia, Pennsylvania",39.948374,-75.219258,39.948834,-75.21916,5,,0,,1,,0,,1,,0,,0,,0,,5,,1,,1,,0,,1,,1,,0,,1,,1,,1,,0,,1,,0,,0,,1,,0,,3,,1,,-2,,-2,,-2,,-2,,-2,,1,,1,,1,,0,,1,,1,,1,,1,,1,,1,,1,,1,,1,,1,,1,,100,,1,,1,,1,,0,,1,,1,,1,,0,,0,,1,,0,,1,,1,,1,,2,,1,,1,
2,159,"Pattison Avenue / South Broad Street, Philadelphia, Pennsylvania",39.905435,-75.173849,39.903799,-75.173982,10,,0,,0,,0,,4,,0,,0,,0,,2,,1,,0,,0,,4,,2,,2,,2,,0,,1,,1,,3,,-2,,-2,,-2,,-2,,3,,1,,-2,,-2,,-2,,-2,,-2,,1,,1,,1,,1,,1,,1,,1,,1,,1,,1,,1,,1,,1,,3,,1,,0,,3,,2,,1,,1,,1,,1,,1,,1,,0,,1,,0,,1,,1,,1,,4,,1,,1,
2,160,"   1374 Pennsylvania 611, Philadelphia, Pennsylvania",39.951532,-75.162988,39.951598,-75.163513,5,,0,,1,,0,,4,,4,,1,,2,,-2,,1,,1,,1,,2,,2,,0,,1,,0,,0,,1,,1,,0,,0,,0,,0,,3,,1,,-2,,-2,,-2,,-2,,-2,,1,,1,,1,,1,,1,,1,,0,,1,,1,,1,,1,,1,,1,,1,,1,,100,,0,,1,,1,,0,,1,,1,,1,,0,,0,,0,,1,,1,,1,,1,,0,,1,,1,
3,161,"Pennsylvania 611, Philadelphia, Pennsylvania",39.992365,-75.154943,39.993945,-75.154568,17,,0,,1,,0,,0,,4,,1,,1,,0,,1,,1,,0,,3,,1,,0,,1,,0,,1,,1,,1,,0,,1,,0,,0,,3,,0,,1,,1,,1,,1,,0,,1,,1,,1,,1,,1,,1,,0,,1,,1,,0,,1,,1,,1,,2,,1,,100,,0,,1,,0,,1,,1,,1,,1,,0,,0,,0,,0,,1,,1,,1,,1,,1,,1,
2,162,"    335 West Chelten Avenue, Philadelphia, Pennsylvania",40.030411,-75.180291,40.029262,-75.181482,15,,0,,0,,0,,1,,0,,1,,0,,2,,1,,1,,0,,1,,2,,0,,1,,1,,1,,0,,1,,0,,1,,0,,0,,2,,1,,-2,,-2,,-2,,-2,,-2,,1,,1,,0,,1,,1,,1,,1,,0,,1,,1,,1,,1,,1,,2,,0,,65,,1,,1,,1,,1,,1,,1,,1,,0,,0,,0,,0,,1,,1,,1,,2,,1,,0,
3,163,"     16 West Evergreen Avenue, Philadelphia, Pennsylvania",40.075269,-75.208786,40.076637,-75.207437,17,,7,,0,,0,,0,,4,,1,,2,,-2,,1,,1,,0,,1,,1,,0,,1,,0,,1,,1,,1,,0,,1,,0,,1,,3,,1,,-2,,-2,,-2,,-2,,-2,,1,,1,,1,,0,,1,,1,,0,,1,,1,,1,,1,,1,,1,,1,,1,,75,,0,,1,,1,,1,,1,,1,,1,,1,,0,,0,,0,,1,,1,,1,,1,,1,,1,
3,164,"    285 West Tulpehocken Street, Philadelphia, Pennsylvania",40.038604,-75.183672,40.036023,-75.186288,33,,10,,0,,1,,1,,0,,1,,0,,0,,1,,1,,0,,1,,1,,0,,1,,0,,1,,1,,1,,0,,1,,1,,0,,3,,1,,-2,,-2,,-2,,-2,,-2,,0,,1,,0,,0,,1,,1,,1,,1,,1,,1,,1,,1,,1,,2,,1,,0,,1,,1,,1,,1,,1,,1,,1,,1,,0,,0,,0,,1,,1,,1,,2,,1,,0,
3,165,"South 71st Street / Woodland Avenue, Philadelphia, Pennsylvania",39.919476,-75.242986,39.919027,-75.242462,5,,0,,0,,1,,1,,0,,1,,0,,2,,1,,1,,0,,1,,2,,0,,1,,0,,1,,1,,1,,0,,1,,0,,1,,3,,1,,-2,,-2,,-2,,-2,,-2,,1,,1,,1,,1,,1,,1,,0,,1,,1,,1,,1,,1,,1,,1,,1,,50,,2,,1,,1,,1,,1,,1,,1,,0,,0,,0,,0,,1,,1,,1,,1,,1,,1,
3,166,"Pennsylvania 611, Philadelphia, Pennsylvania",39.952584,-75.165222,39.952264,-75.16528,4,,1,,1,,1,,0,,4,,0,,1,,2,,1,,1,,0,,3,,2,,0,,1,,0,,1,,1,,1,,0,,1,,0,,1,,3,,1,,-2,,-2,,-2,,-2,,-2,,1,,1,,1,,1,,1,,1,,0,,1,,1,,1,,1,,1,,1,,0,,1,,0,,1,,1,,0,,1,,1,,1,,1,,0,,0,,0,,0,,1,,1,,1,,1,,1,,1,
2,167,"      3 South 30th Street, Philadelphia, Pennsylvania",39.953324,-75.183738,39.954835,-75.183392,16,,0,,1,,0,,1,,0,,0,,0,,2,,1,,1,,0,,1,,3,,0,,1,,0,,1,,1,,3,,-2,,-2,,-2,,-2,,3,,1,,-2,,-2,,-2,,-2,,-2,,0,,1,,1,,1,,1,,1,,0,,1,,1,,1,,1,,1,,1,,0,,1,,100,,0,,1,,0,,1,,1,,1,,1,,1,,0,,0,,0,,1,,1,,1,,3,,1,,0,
2,168,"   2768 South 76th Street, Philadelphia, Pennsylvania",39.907169,-75.242076,39.90728,-75.241561,3,,0,,0,,0,,0,,4,,1,,2,,-2,,1,,1,,0,,1,,2,,0,,1,,0,,1,,1,,1,,0,,0,,1,,0,,3,,1,,-2,,-2,,-2,,-2,,-2,,0,,1,,0,,1,,1,,1,,1,,1,,1,,1,,1,,1,,1,,2,,0,,0,,2,,1,,1,,1,,1,,1,,1,,1,,0,,1,,1,,1,,1,,1,,2,,1,,1,
3,169,"   5378 Lindbergh Boulevard, Philadelphia, Pennsylvania",39.933448,-75.215597,39.934966,-75.214547,16,,3,,0,,1,,0,,0,,1,,0,,0,,1,,1,,0,,1,,1,,0,,0,,0,,1,,1,,1,,0,,2,,1,,1,,3,,0,,1,,1,,1,,1,,0,,1,,1,,1,,1,,1,,1,,1,,0,,1,,0,,1,,1,,1,,2,,1,,0,,2,,1,,1,,1,,1,,1,,1,,1,,0,,0,,0,,1,,1,,1,,2,,1,,1,
2,170,"   4202 Woodland Avenue, Philadelphia, Pennsylvania",39.94565,-75.208359,39.946763,-75.207064,16,,0,,1,,0,,1,,0,,1,,1,,2,,1,,1,,0,,1,,1,,0,,1,,0,,0,,0,,1,,0,,0,,0,,0,,3,,1,,-2,,-2,,-2,,-2,,-2,,1,,1,,1,,1,,1,,1,,0,,1,,1,,1,,1,,1,,1,,2,,1,,0,,2,,1,,1,,0,,1,,0,,1,,0,,0,,0,,1,,1,,1,,1,,0,,1,,1,
3,171,"   6851 Hasbrook Avenue, Pennsylvania",40.058303,-75.092703,40.05741,-75.093642,10,,0,,0,,1,,0,,4,,1,,2,,-2,,1,,1,,0,,0,,1,,2,,1,,0,,1,,1,,1,,0,,1,,0,,1,,3,,1,,-2,,-2,,-2,,-2,,-2,,0,,1,,1,,0,,1,,1,,0,,1,,1,,1,,1,,1,,1,,1,,1,,76,,1,,1,,1,,1,,1,,1,,1,,1,,1,,0,,0,,1,,1,,1,,1,,1,,1,
3,172,"Shelbourne Street, Philadelphia, Pennsylvania",40.065312,-75.08651,40.06649,-75.085314,14,,2,,0,,0,,0,,4,,1,,2,,-2,,1,,0,,0,,1,,1,,0,,1,,0,,1,,1,,1,,0,,1,,1,,1,,3,,1,,-2,,-2,,-2,,-2,,-2,,0,,1,,1,,0,,1,,1,,1,,1,,1,,1,,1,,1,,1,,2,,1,,0,,2,,1,,1,,1,,1,,1,,1,,1,,0,,0,,0,,1,,1,,1,,1,,1,,1,
2,173,"      1 South 11th Street, Philadelphia, Pennsylvania",39.951755,-75.158297,39.950735,-75.158514,11,,0,,1,,0,,1,,0,,1,,0,,2,,1,,1,,0,,1,,0,,2,,1,,0,,0,,1,,1,,0,,0,,0,,0,,3,,1,,-2,,-2,,-2,,-2,,-2,,0,,1,,1,,1,,1,,1,,0,,0,,1,,1,,1,,1,,1,,1,,1,,100,,0,,1,,1,,0,,1,,1,,1,,0,,0,,0,,0,,1,,1,,1,,1,,1,,1,
2,174,"    694 North 41st Street, Philadelphia, Pennsylvania",39.964542,-75.205872,39.965118,-75.20548,7,,0,,1,,0,,1,,1,,1,,1,,0,,1,,1,,0,,1,,2,,0,,1,,0,,1,,1,,1,,1,,1,,0,,1,,2,,1,,-2,,-2,,-2,,-2,,-2,,0,,1,,1,,1,,1,,0,,1,,0,,1,,0,,1,,1,,1,,2,,0,,70,,0,,0,,1,,1,,1,,1,,1,,1,,0,,0,,0,,1,,0,,1,,3,,1,,0,
3,175,"   4305 Lancaster Avenue, Philadelphia, Pennsylvania",39.967721,-75.209728,39.967956,-75.210081,4,,1,,1,,0,,1,,0,,1,,1,,2,,1,,1,,0,,1,,1,,0,,1,,1,,1,,1,,1,,0,,1,,0,,0,,3,,1,,-2,,-2,,-2,,-2,,-2,,1,,1,,1,,1,,1,,0,,1,,0,,1,,1,,1,,1,,1,,2,,1,,50,,0,,1,,0,,1,,1,,1,,1,,1,,0,,0,,0,,1,,0,,1,,3,,1,,0,
2,176,"   4853 U.S. 30, Philadelphia, Pennsylvania",39.973024,-75.218421,39.973793,-75.21969,11,,0,,1,,0,,0,,4,,1,,1,,2,,1,,1,,1,,1,,1,,0,,1,,1,,1,,0,,1,,0,,2,,0,,1,,3,,1,,-2,,-2,,-2,,-2,,-2,,1,,1,,1,,0,,0,,0,,1,,0,,1,,0,,1,,1,,1,,2,,1,,40,,0,,1,,1,,1,,1,,1,,1,,1,,0,,0,,0,,1,,1,,1,,3,,1,,0,
2,177,"   2737 West Girard Avenue, Philadelphia, Pennsylvania",39.974169,-75.180435,39.974355,-75.181855,13,,0,,1,,0,,1,,0,,1,,0,,2,,1,,1,,0,,1,,1,,0,,1,,0,,1,,1,,1,,0,,0,,0,,0,,3,,1,,-2,,-2,,-2,,-2,,-2,,1,,1,,1,,1,,0,,0,,0,,0,,1,,1,,1,,1,,1,,1,,1,,100,,0,,1,,1,,0,,1,,1,,1,,1,,0,,1,,0,,1,,1,,1,,1,,1,,1,
3,178,"    195 West Girard Avenue, Philadelphia, Pennsylvania",39.969564,-75.139543,39.96946,-75.138985,5,,1,,1,,0,,1,,0,,0,,0,,2,,1,,1,,0,,2,,1,,0,,2,,0,,1,,1,,1,,0,,1,,0,,0,,3,,1,,-2,,-2,,-2,,-2,,-2,,1,,1,,1,,1,,1,,1,,1,,1,,1,,0,,1,,1,,1,,3,,1,,0,,3,,1,,0,,1,,1,,1,,1,,0,,0,,0,,0,,1,,1,,1,,4,,1,,1,
3,179,"   1192 East Berks Street, Philadelphia, Pennsylvania",39.971828,-75.125925,39.970757,-75.125362,13,,2,,1,,0,,1,,4,,0,,0,,2,,1,,1,,0,,0,,0,,0,,1,,0,,1,,1,,1,,0,,1,,0,,1,,2,,0,,1,,1,,1,,1,,0,,0,,1,,1,,0,,1,,1,,1,,0,,0,,1,,1,,1,,1,,2,,0,,100,,0,,1,,0,,1,,1,,1,,1,,1,,0,,0,,0,,1,,1,,1,,1,,1,,0,
2,180,"    994 Corinthian Avenue, Philadelphia, Pennsylvania",39.972827,-75.170355,39.972175,-75.170446,8,,0,,1,,0,,1,,0,,1,,0,,2,,1,,1,,0,,1,,2,,0,,1,,0,,1,,1,,1,,0,,0,,0,,1,,3,,1,,-2,,-2,,-2,,-2,,-2,,0,,1,,1,,1,,1,,1,,1,,1,,1,,1,,1,,1,,0,,3,,1,,0,,3,,2,,1,,1,,1,,1,,1,,1,,0,,0,,0,,1,,1,,1,,4,,1,,1,
3,181,"   1443 West Indiana Avenue, Philadelphia, Pennsylvania",39.998787,-75.155217,39.998537,-75.153694,11,,1,,0,,0,,0,,1,,1,,1,,0,,1,,1,,0,,1,,1,,0,,2,,0,,1,,1,,1,,0,,1,,0,,0,,3,,1,,-2,,-2,,-2,,-2,,-2,,1,,1,,1,,1,,1,,1,,1,,1,,1,,1,,1,,1,,1,,3,,1,,0,,3,,1,,1,,1,,1,,1,,1,,1,,0,,1,,0,,1,,1,,1,,4,,1,,1,
2,182,"   5744 North 7th Street, Philadelphia, Pennsylvania",40.040011,-75.133475,40.03846,-75.133806,15,,0,,0,,0,,1,,1,,1,,0,,0,,1,,1,,0,,1,,1,,0,,1,,0,,1,,1,,1,,0,,1,,1,,1,,3,,1,,-2,,-2,,-2,,-2,,-2,,0,,1,,1,,1,,0,,1,,1,,1,,1,,1,,1,,1,,1,,2,,1,,0,,1,,0,,1,,1,,1,,0,,1,,1,,0,,0,,0,,1,,1,,1,,2,,1,,1,
3,183,"   6368 Kingsessing Avenue, Philadelphia, Pennsylvania",39.928919,-75.235433,39.927773,-75.237065,14,,7,,0,,0,,1,,4,,0,,1,,2,,1,,1,,0,,1,,1,,0,,1,,1,,1,,1,,1,,0,,1,,0,,1,,3,,1,,-2,,-2,,-2,,-2,,-2,,1,,1,,1,,1,,0,,1,,1,,1,,1,,1,,1,,1,,1,,2,,1,,80,,1,,0,,1,,1,,1,,1,,1,,1,,0,,0,,0,,1,,1,,1,,2,,1,,1,
3,184,"   4066 Woodland Avenue, Philadelphia, Pennsylvania",39.948544,-75.204997,39.948741,-75.204528,5,,0,,1,,0,,0,,4,,1,,2,,-2,,1,,1,,0,,1,,1,,0,,2,,1,,1,,0,,1,,0,,1,,1,,0,,3,,1,,-2,,-2,,-2,,-2,,-2,,0,,1,,1,,1,,1,,1,,1,,1,,1,,1,,1,,1,,0,,3,,1,,0,,3,,1,,1,,1,,1,,1,,1,,0,,0,,0,,0,,1,,1,,1,,4,,1,,1,
2,185,"    761 Chapel Street, New Haven, Connecticut",41.305445,-72.92427,41.304798,-72.922781,10,,0,,0,,0,,1,,0,,0,,0,,0,,1,,1,,0,,2,,2,,0,,1,,0,,1,,1,,1,,0,,0,,0,,0,,2,,1,,-2,,-2,,-2,,-2,,-2,,1,,1,,1,,1,,1,,0,,0,,0,,1,,1,,1,,1,,1,,1,,1,,100,,0,,1,,1,,1,,1,,1,,0,,0,,0,,0,,0,,1,,1,,1,,1,,1,,1,
2,186,"Bank Street / State Street, New London, Connecticut",41.354115,-72.093938,41.353973,-72.093395,3,,0,,0,,0,,0,,0,,1,,1,,4,,1,,1,,0,,1,,2,,0,,1,,0,,1,,1,,1,,0,,0,,0,,1,,3,,1,,-2,,-2,,-2,,-2,,-2,,0,,1,,1,,1,,1,,0,,1,,0,,1,,1,,1,,1,,1,,1,,1,,100,,0,,1,,0,,0,,1,,1,,1,,0,,1,,0,,0,,1,,0,,1,,2,,1,,1,
2,187,"    503 Washington Boulevard, Stamford, Connecticut",41.045124,-73.543022,41.046342,-73.542925,9,,0,,0,,0,,1,,1,,1,,0,,0,,1,,1,,0,,1,,2,,2,,1,,0,,1,,1,,1,,0,,0,,0,,0,,3,,1,,-2,,-2,,-2,,-2,,-2,,0,,1,,1,,1,,1,,1,,0,,1,,1,,1,,1,,1,,1,,0,,1,,25,,2,,1,,1,,1,,1,,0,,1,,1,,0,,1,,0,,1,,1,,1,,0,,1,,1,
2,188,"    352 Southeast Washington Street, Hillsboro, Oregon",45.521348,-122.984358,45.521375,-122.986194,14,,0,,1,,1,,1,,0,,1,,0,,0,,1,,0,,0,,0,,1,,0,,2,,0,,0,,1,,1,,1,,0,,0,,0,,3,,1,,-2,,-2,,-2,,-2,,-2,,1,,1,,1,,1,,1,,1,,1,,1,,1,,1,,1,,1,,0,,3,,1,,0,,3,,2,,1,,0,,1,,0,,0,,0,,0,,0,,0,,1,,1,,1,,4,,1,,1,
3,189,"Southeast 12th Avenue, Hillsboro, Oregon",45.521252,-122.970153,45.521835,-122.97021,7,,0,,1,,0,,4,,4,,1,,3,,5,,1,,1,,0,,2,,2,,2,,1,,0,,1,,1,,1,,0,,1,,0,,1,,3,,1,,-2,,-2,,-2,,-2,,-2,,0,,1,,1,,1,,1,,1,,0,,1,,1,,1,,1,,1,,1,,2,,1,,60,,1,,1,,1,,1,,1,,1,,1,,1,,0,,0,,0,,1,,1,,1,,1,,1,,1,
3,190,"Southwest 5th Avenue / Southwest Morrison Street, Portland, Oregon",45.518794,-122.677577,45.519473,-122.67722,8,,0,,1,,0,,1,,0,,0,,2,,-2,,1,,1,,0,,2,,2,,2,,1,,0,,1,,1,,1,,0,,0,,0,,0,,3,,1,,-2,,-2,,-2,,-2,,-2,,1,,0,,0,,1,,1,,1,,1,,0,,1,,1,,1,,1,,1,,0,,1,,100,,0,,1,,0,,1,,1,,0,,0,,0,,0,,1,,0,,1,,1,,1,,1,,1,,1,
2,191,"North Interstate Avenue, Portland, Oregon",45.584042,-122.686679,45.583602,-122.685621,9,,0,,1,,0,,0,,0,,0,,1,,2,,1,,1,,0,,2,,2,,2,,1,,0,,1,,1,,1,,0,,0,,0,,0,,3,,1,,-2,,-2,,-2,,-2,,-2,,1,,1,,1,,1,,1,,1,,0,,1,,1,,1,,1,,1,,0,,2,,1,,0,,2,,1,,1,,0,,1,,0,,0,,0,,0,,1,,0,,1,,1,,1,,1,,1,,1,
3,192,"    504 Northwest 11th Avenue, Portland, Oregon",45.526549,-122.682236,45.527216,-122.682254,7,,0,,1,,0,,1,,0,,0,,0,,0,,1,,1,,0,,2,,1,,2,,1,,0,,0,,1,,1,,0,,1,,0,,0,,3,,1,,-2,,-2,,-2,,-2,,-2,,1,,1,,1,,1,,1,,1,,1,,0,,1,,1,,1,,1,,1,,2,,1,,75,,0,,1,,0,,1,,0,,1,,1,,0,,0,,1,,0,,1,,1,,1,,1,,1,,1,
3,193,"   3253 Southwest Moody Avenue, Portland, Oregon",45.498534,-122.670757,45.498559,-122.671789,9,,1,,1,,0,,1,,4,,1,,2,,-2,,1,,1,,0,,1,,2,,0,,1,,1,,1,,0,,1,,0,,0,,0,,0,,3,,1,,-2,,-2,,-2,,-2,,-2,,1,,1,,1,,1,,1,,1,,0,,1,,0,,1,,1,,1,,1,,0,,1,,100,,0,,1,,1,,1,,1,,1,,0,,0,,0,,0,,0,,1,,1,,1,,0,,1,,1,
2,194,"Southwest Market Street, Portland, Oregon",45.513616,-122.683841,45.513739,-122.684304,4,,0,,1,,0,,0,,4,,1,,1,,2,,1,,1,,0,,2,,2,,2,,2,,0,,1,,1,,1,,0,,0,,0,,1,,3,,1,,-2,,-2,,-2,,-2,,-2,,0,,1,,1,,1,,1,,1,,1,,1,,1,,1,,0,,0,,1,,3,,1,,0,,3,,1,,1,,0,,1,,0,,0,,1,,0,,1,,1,,1,,1,,1,,4,,1,,1,
3,195,"West South Temple, Salt Lake City, Utah",40.769305,-111.902425,40.769303,-111.899813,20,,0,,0,,0,,0,,4,,0,,1,,0,,1,,1,,0,,1,,1,,-1,3,1,,0,,1,,1,,1,,0,,0,,1,,0,,3,,1,,-2,,-2,,-2,,-2,,-2,,1,,1,,1,,1,,1,,1,,0,,1,,1,,1,,1,,1,,1,,0,,1,,0,,2,,1,,1,,1,,1,,1,,1,,0,,0,,0,,0,,1,,1,,1,,0,,1,,1,
2,196,"    443 South Main Street, Salt Lake City, Utah",40.760591,-111.891038,40.758491,-111.891017,30,,0,,0,,0,,1,,0,,0,,0,,0,,1,,1,,0,,3,,1,,0,,2,,0,,0,,1,,1,,0,,0,,1,,0,,3,,1,,-2,,-2,,-2,,-2,,-2,,1,,1,,1,,1,,1,,1,,1,,1,,1,,1,,1,,0,,1,,3,,1,,0,,3,,2,,0,,0,,1,,1,,1,,0,,0,,0,,1,,1,,1,,1,,4,,1,,1,
2,197,"   1008 North Central Avenue, Phoenix, Arizona",33.458681,-112.073808,33.459996,-112.073751,13,,0,,1,,0,,1,,0,,0,,0,,0,,1,,1,,0,,1,,2,,2,,1,,0,,1,,1,,1,,0,,0,,1,,0,,0,,1,,-2,,-2,,-2,,-2,,-2,,1,,1,,1,,1,,1,,1,,0,,0,,1,,1,,1,,1,,1,,2,,1,,75,,0,,1,,0,,1,,1,,0,,0,,0,,0,,0,,1,,1,,1,,1,,0,,1,,1,
2,198,"    331 North Capitol Avenue, San Jose, California",37.370342,-121.843418,37.371715,-121.844779,12,,0,,1,,0,,1,,0,,0,,0,,0,,1,,0,,0,,5,,2,,2,,0,,1,,1,,0,,1,,0,,0,,0,,1,,3,,1,,-2,,-2,,-2,,-2,,-2,,1,,1,,1,,1,,1,,1,,1,,0,,1,,1,,1,,1,,1,,2,,1,,0,,2,,1,,0,,1,,1,,1,,1,,1,,0,,0,,1,,1,,1,,1,,0,,1,,1,
2,199,"East Java Drive, Sunnyvale, California",37.4114767322,-122.016679737,37.409051,-122.011202,51,,0,,1,,0,,6,,4,,1,,3,,6,,1,,0,,1,,4,,1,,2,,0,,0,,1,,1,,1,,0,,0,,0,,0,,0,,1,,-2,,-2,,-2,,-2,,-2,,1,,1,,1,,1,,1,,1,,0,,0,,1,,1,,1,,1,,1,,2,,1,,0,,2,,1,,1,,1,,1,,0,,0,,0,,0,,0,,1,,1,,1,,1,,0,,1,,1,
3,200,"   4500 Benning Road Northeast, Washington, District of Columbia",38.890051,-76.937651,38.89065,-76.938059,7,,0,,1,,0,,1,,0,,1,,0,,0,,1,,0,,0,,3,,1,,2,,0,,0,,1,,1,,1,,0,,0,,0,,1,,0,,1,,-2,,-2,,-2,,-2,,-2,,1,,1,,1,,1,,1,,1,,0,,1,,1,,1,,1,,1,,1,,2,,1,,0,,2,,1,,1,,1,,1,,1,,0,,0,,0,,0,,0,,1,,1,,1,,1,,1,,1,
2,201,"M Street Southwest, Washington, District of Columbia",38.876526,-77.017643,38.87653,-77.015208,20,,0,,1,,0,,1,,0,,0,,0,,0,,1,,1,,0,,5,,2,,0,,1,,0,,1,,1,,1,,0,,0,,1,,0,,0,,1,,-2,,-2,,-2,,-2,,-2,,1,,0,,0,,1,,1,,1,,0,,1,,1,,1,,1,,1,,1,,2,,1,,0,,1,,1,,1,,0,,1,,0,,0,,0,,0,,1,,1,,1,,1,,1,,1,,1,,1,
2,202,"Bunker Hill Road Northeast, Washington, District of Columbia",38.934038,-76.993879,38.934387,-76.993054,8,,0,,1,,0,,1,,4,,1,,1,,5,,1,,1,,0,,1,,2,,2,,1,,0,,1,,1,,1,,0,,0,,1,,1,,3,,1,,-2,,-2,,-2,,-2,,-2,,0,,1,,1,,1,,1,,1,,1,,1,,1,,1,,1,,1,,1,,3,,1,,0,,3,,1,,1,,1,,1,,1,,1,,1,,0,,1,,1,,1,,1,,1,,4,,1,,1,
2,203,"Georgia Avenue Northwest / New Hampshire Avenue Northwest, Washington, District of Columbia",38.936228,-77.024238,38.935143,-77.0251,14,,0,,1,,0,,2,,0,,0,,0,,0,,1,,0,,0,,3,,0,,0,,1,,0,,1,,1,,1,,0,,1,,0,,0,,3,,1,,-2,,-2,,-2,,-2,,-2,,1,,1,,0,,1,,0,,1,,0,,1,,1,,1,,1,,1,,1,,1,,1,,100,,0,,1,,1,,1,,1,,1,,1,,0,,0,,0,,0,,1,,1,,1,,1,,1,,1,
